,cluster,asignatura,id,titulacion
0,0,PRODUCTIVE MANAGEMENT 3.2,2,BIOCHEMISTRY Y FARMACIA
1,0,PRODUCTIVE MANAGEMENT 3.2,612,HOTELERÍA Y TURISMO
2,0,PRODUCTIVE MANAGEMENT 3.2,621,INGENIERÍA INDUSTRIAL
3,0,PRODUCTIVE MANAGEMENT 3.2,630,INGENIERÍA CIVIL
4,1,PRODUCTIVE MANAGEMENT 3.2,925,ADMINISTRACIÓN EN BANCA Y FINANZAS
5,1,PRODUCTIVE MANAGEMENT 3.2,934,INGENIERO EN ALIMENTOS
6,1,PRODUCTIVE MANAGEMENT 3.2,943,GASTRONOMÍA
7,1,PRODUCTIVE MANAGEMENT 3.2,1259,ADMINISTRACIÓN DE EMPRESAS
8,1,PRODUCTIVE MANAGEMENT 3.2,1535,INGENIERÍA AGROPECUARIA
9,1,PRODUCTIVE MANAGEMENT 3.2,1843,RELACIONES PUBLICAS
10,1,PRODUCTIVE MANAGEMENT 3.2,2329,PSICOLOGÍA
11,1,PRODUCTIVE MANAGEMENT 3.2,2742,DERECHO
12,1,PRODUCTIVE MANAGEMENT 3.2,3025,BIOCHEMISTRY Y FARMACIA
13,1,PRODUCTIVE MANAGEMENT 3.2,3034,HOTELERÍA Y TURISMO
14,1,PRODUCTIVE MANAGEMENT 3.2,3274,INGENIERÍA CIVIL
15,1,PRODUCTIVE MANAGEMENT 3.2,3283,ADMINISTRACIÓN DE EMPRESAS
16,1,PRODUCTIVE MANAGEMENT 3.2,3292,DERECHO
17,1,PRODUCTIVE MANAGEMENT 3.2,3528,RELACIONES PUBLICAS
18,2,PRODUCTIVE MANAGEMENT GP 3.2,3537,INGENIERÍA EN CONTABILIDAD Y AUDITORIA
19,2,PRODUCTIVE MANAGEMENT GP 3.2,3790,ECONOMÍA
20,2,PRODUCTIVE MANAGEMENT GP 3.2,4068,ARTES PLÁSTICAS Y DISEÑO
21,2,PRODUCTIVE MANAGEMENT GP 3.2,4077,INGENIERÍA QUÍMICA
22,2,PRODUCTIVE MANAGEMENT GP 3.2,4410,INGLÉS
23,2,PRODUCTIVE MANAGEMENT GP 3.2,4419,GESTIÓN AMBIENTAL
24,2,PRODUCTIVE MANAGEMENT GP 3.2,4703,BIOLOGÍA
25,2,PRODUCTIVE MANAGEMENT GP 3.2,5139,ARQUITECTURA
26,3,PRODUCTIVE MANAGEMENT GP 3.2,5400,COMUNICACIÓN SOCIAL
27,3,PRODUCTIVE MANAGEMENT GP 3.2,5756,CONTABILIDAD Y AUDITORÍA
28,3,PRODUCTIVE MANAGEMENT GP 3.2,5765,ECONOMÍA
29,3,PRODUCTIVE MANAGEMENT GP 3.2,6070,ARTES PLÁSTICAS Y DISEÑO
30,3,PRODUCTIVE MANAGEMENT GP 3.2,6079,COMUNICACIÓN SOCIAL
31,3,PRODUCTIVE MANAGEMENT GP 3.2,6387,ARQUITECTURA
32,3,PRODUCTIVE MANAGEMENT 3.1,6396,BIOCHEMISTRY Y FARMACIA
33,3,PRODUCTIVE MANAGEMENT 3.1,6826,HOTELERÍA Y TURISMO
34,3,PRODUCTIVE MANAGEMENT 3.1,6835,INGENIERÍA CIVIL
35,3,PRODUCTIVE MANAGEMENT 3.1,6844,GASTRONOMÍA
36,3,PRODUCTIVE MANAGEMENT 3.1,6853,ADMINISTRACIÓN DE EMPRESAS
37,3,PRODUCTIVE MANAGEMENT 3.1,6924,DERECHO
38,3,PRODUCTIVE MANAGEMENT 3.1,6995,BIOCHEMISTRY Y FARMACIA
39,3,PRODUCTIVE MANAGEMENT 3.1,7004,HOTELERÍA Y TURISMO
40,3,PRODUCTIVE MANAGEMENT 3.1,7013,INGENIERÍA INDUSTRIAL
41,3,PRODUCTIVE MANAGEMENT 3.1,7310,INGENIERÍA CIVIL
42,3,PRODUCTIVE MANAGEMENT 3.1,7352,ADMINISTRACIÓN EN BANCA Y FINANZAS
43,3,PRODUCTIVE MANAGEMENT 3.1,7361,INGENIERO EN ALIMENTOS
44,3,PRODUCTIVE MANAGEMENT 3.1,7737,GASTRONOMÍA
45,3,PRODUCTIVE MANAGEMENT 3.1,7746,ADMINISTRACIÓN DE EMPRESAS
46,3,PRODUCTIVE MANAGEMENT 3.1,7755,INGENIERÍA AGROPECUARIA
47,3,PRODUCTIVE MANAGEMENT 3.1,7764,RELACIONES PUBLICAS
48,3,PRODUCTIVE MANAGEMENT 3.1,7773,DERECHO
49,3,PRODUCTIVE MANAGEMENT 3.1,8123,PSICOLOGÍA
50,4,PRODUCTIVE MANAGEMENT GP 3.1,8730,INGENIERÍA EN CONTABILIDAD Y AUDITORIA
51,4,PRODUCTIVE MANAGEMENT GP 3.1,8739,ARTES PLÁSTICAS Y DISEÑO
52,4,PRODUCTIVE MANAGEMENT GP 3.1,8748,GESTIÓN AMBIENTAL
53,4,PRODUCTIVE MANAGEMENT GP 3.1,8757,BIOLOGÍA
54,5,PRODUCTIVE MANAGEMENT GP 3.1,8766,ARQUITECTURA
55,5,PRODUCTIVE MANAGEMENT GP 3.1,9054,CONTABILIDAD Y AUDITORÍA
56,5,PRODUCTIVE MANAGEMENT GP 3.1,9063,ECONOMÍA
57,5,PRODUCTIVE MANAGEMENT GP 3.1,9072,ARTES PLÁSTICAS Y DISEÑO
58,5,PRODUCTIVE MANAGEMENT GP 3.1,9309,INGLÉS
59,5,PRODUCTIVE MANAGEMENT GP 3.1,9644,GESTIÓN AMBIENTAL
60,5,PRODUCTIVE MANAGEMENT GP 3.1,9653,BIOLOGÍA
61,5,PRODUCTIVE MANAGEMENT GP 3.1,9662,COMUNICACIÓN SOCIAL
62,5,PRODUCTIVE MANAGEMENT GP 3.1,9900,ARQUITECTURA
63,5,PRODUCTIVE MANAGEMENT 2.1,10129,BIOCHEMISTRY Y FARMACIA
64,5,PRODUCTIVE MANAGEMENT 2.1,10440,HOTELERÍA Y TURISMO
65,5,PRODUCTIVE MANAGEMENT 2.1,10449,INGENIERÍA CIVIL
66,5,PRODUCTIVE MANAGEMENT 2.1,10458,BIOCHEMISTRY Y FARMACIA
67,5,PRODUCTIVE MANAGEMENT 2.1,10467,HOTELERÍA Y TURISMO
68,5,PRODUCTIVE MANAGEMENT 2.1,10476,INGENIERÍA INDUSTRIAL
69,5,PRODUCTIVE MANAGEMENT 2.1,10485,INGENIERÍA CIVIL
70,5,PRODUCTIVE MANAGEMENT 2.1,10634,INGENIERO EN ALIMENTOS
71,5,PRODUCTIVE MANAGEMENT 2.1,10889,GASTRONOMÍA
72,5,PRODUCTIVE MANAGEMENT 2.1,10898,RELACIONES PUBLICAS
73,5,PRODUCTIVE MANAGEMENT 2.1,10907,INGENIERÍA AGROPECUARIA
74,6,PRODUCTIVE MANAGEMENT GP 2.1,10916,ARTES PLÁSTICAS Y DISEÑO
75,6,PRODUCTIVE MANAGEMENT GP 2.1,11314,GESTIÓN AMBIENTAL
76,7,PRODUCTIVE MANAGEMENT GP 2.1,11323,ARQUITECTURA
77,7,PRODUCTIVE MANAGEMENT GP 2.1,11556,ARTES PLÁSTICAS Y DISEÑO
78,7,PRODUCTIVE MANAGEMENT GP 2.1,11565,INGENIERÍA QUÍMICA
79,7,PRODUCTIVE MANAGEMENT GP 2.1,11574,INGLÉS
80,7,PRODUCTIVE MANAGEMENT GP 2.1,11583,GESTIÓN AMBIENTAL
81,7,PRODUCTIVE MANAGEMENT GP 2.1,12028,GEOLOGÍA Y MINAS
82,7,PRODUCTIVE MANAGEMENT GP 2.1,12037,BIOLOGÍA
83,7,PRODUCTIVE MANAGEMENT GP 2.1,12046,COMUNICACIÓN SOCIAL
84,7,PRODUCTIVE MANAGEMENT GP 2.1,12055,ARQUITECTURA
85,7,PRODUCTIVE MANAGEMENT 2.2,12064,BIOCHEMISTRY Y FARMACIA
86,7,PRODUCTIVE MANAGEMENT 2.2,12073,HOTELERÍA Y TURISMO
87,7,PRODUCTIVE MANAGEMENT 2.2,12379,INGENIERÍA INDUSTRIAL
88,7,PRODUCTIVE MANAGEMENT 2.2,12388,INGENIERÍA CIVIL
89,7,PRODUCTIVE MANAGEMENT 2.2,12397,INGENIERO EN ALIMENTOS
90,7,PRODUCTIVE MANAGEMENT 2.2,12406,GASTRONOMÍA
91,7,PRODUCTIVE MANAGEMENT 2.2,12415,INGENIERÍA AGROPECUARIA
92,7,PRODUCTIVE MANAGEMENT 2.2,12616,RELACIONES PUBLICAS
93,7,PRODUCTIVE MANAGEMENT 2.2,12625,INGENIERÍA CIVIL
94,7,PRODUCTIVE MANAGEMENT 2.2,12829,BIOCHEMISTRY Y FARMACIA
95,7,PRODUCTIVE MANAGEMENT GP 2.2,13030,ARTES PLÁSTICAS Y DISEÑO
96,7,PRODUCTIVE MANAGEMENT GP 2.2,13039,INGENIERÍA QUÍMICA
97,7,PRODUCTIVE MANAGEMENT GP 2.2,13048,INGLÉS
98,7,PRODUCTIVE MANAGEMENT GP 2.2,13057,GESTIÓN AMBIENTAL
99,7,PRODUCTIVE MANAGEMENT GP 2.2,13066,BIOLOGÍA
100,7,PRODUCTIVE MANAGEMENT GP 2.2,13075,ARQUITECTURA
101,7,PRODUCTIVE MANAGEMENT GP 2.2,13084,COMUNICACIÓN SOCIAL
102,7,PRODUCTIVE MANAGEMENT GP 2.2,13093,ARTES PLÁSTICAS Y DISEÑO
103,7,PRODUCTIVE MANAGEMENT GP 2.2,13102,GESTIÓN AMBIENTAL
104,7,PRODUCTIVE MANAGEMENT GP 2.2,13111,ARQUITECTURA
105,7,PRODUCTIVE MANAGEMENT GP 2.2,13120,BIOLOGÍA
106,7,PRODUCTIVE MANAGEMENT 1,13449,INGENIERÍA CIVIL
107,7,PRODUCTIVE MANAGEMENT 1,13673,INGENIERO EN ALIMENTOS
108,7,PRODUCTIVE MANAGEMENT 1,13682,ADMINISTRACIÓN DE EMPRESAS
109,7,PRODUCTIVE MANAGEMENT 1,13691,INGENIERÍA AGROPECUARIA
110,7,PRODUCTIVE MANAGEMENT GP 1,13700,INGLÉS
111,7,PRODUCTIVE MANAGEMENT GP 1,13709,GESTIÓN AMBIENTAL
112,7,PRODUCTIVE MANAGEMENT GP 1,13718,ELECTRÓNICA Y TELECOMUNICACIONES
113,7,PRODUCTIVE MANAGEMENT GP 1,13727,BIOLOGÍA
114,7,PRODUCTIVE MANAGEMENT GP 1,13736,ARQUITECTURA
115,7,PRODUCTIVE MANAGEMENT GP 1,13745,DERECHO
116,7,PRODUCTIVE MANAGEMENT GP 1,13754,CONTABILIDAD Y AUDITORÍA
117,7,PRODUCTIVE MANAGEMENT GP 1,13763,ECONOMÍA
118,7,PRODUCTIVE MANAGEMENT GP 1,13772,GESTIÓN AMBIENTAL
119,7,PRODUCTIVE MANAGEMENT GP 1,13781,ELECTRÓNICA Y TELECOMUNICACIONES
120,7,PRODUCTIVE MANAGEMENT GP 1,13790,ARQUITECTURA
121,7,PRODUCTIVE MANAGEMENT GP 1,13799,DERECHO
122,7,PRODUCTIVE MANAGEMENT GP 1,14311,PSICOLOGÍA
123,7,PRODUCTIVE MANAGEMENT 4.1,14604,ADMINISTRACIÓN DE EMPRESAS
124,7,PRODUCTIVE MANAGEMENT 4.1,14613,PSICOLOGÍA
125,7,PRODUCTIVE MANAGEMENT 4.1,14622,ADMINISTRACIÓN EN BANCA Y FINANZAS
126,7,PRODUCTIVE MANAGEMENT 4.1,14918,INGENIERO EN ALIMENTOS
127,7,PRODUCTIVE MANAGEMENT 4.1,14927,ADMINISTRACIÓN DE EMPRESAS
128,7,PRODUCTIVE MANAGEMENT 4.1,14936,PSICOLOGÍA
129,7,PRODUCTIVE MANAGEMENT 4.1,14945,INGENIERÍA AGROPECUARIA
130,7,PRODUCTIVE MANAGEMENT GP 4.1,14954,ECONOMÍA
131,7,PRODUCTIVE MANAGEMENT GP 4.1,14963,ARQUITECTURA
132,7,PRODUCTIVE MANAGEMENT GP 4.1,14972,ARQUITECTURA
133,7,PRODUCTIVE MANAGEMENT GP 4.1,14981,ECONOMÍA
134,7,PRODUCTIVE MANAGEMENT 4.2,14990,ADMINISTRACIÓN EN BANCA Y FINANZAS
135,7,PRODUCTIVE MANAGEMENT 4.2,14999,INGENIERO EN ALIMENTOS
136,7,PRODUCTIVE MANAGEMENT 4.2,15008,ADMINISTRACIÓN DE EMPRESAS
137,7,PRODUCTIVE MANAGEMENT 4.2,15017,INGENIERÍA AGROPECUARIA
138,7,PRODUCTIVE MANAGEMENT 4.2,15026,ADMINISTRACIÓN DE EMPRESAS
139,7,PRODUCTIVE MANAGEMENT 4.2,15035,ADMINISTRACIÓN EN BANCA Y FINANZAS
140,7,PRODUCTIVE MANAGEMENT GP 4.2,15044,ECONOMÍA
141,7,PRODUCTIVE MANAGEMENT GP 4.2,15053,ARQUITECTURA
142,7,PRODUCTIVE MANAGEMENT GP 4.2,15372,ARQUITECTURA
143,7,PRODUCTIVE MANAGEMENT GP 4.2,15381,ECONOMÍA
144,7,PRODUCTIVE MANAGEMENT 2,15390,ADMINISTRACIÓN DE EMPRESAS
145,7,PRODUCTIVE MANAGEMENT 2,15958,ADMINISTRACIÓN DE EMPRESAS
146,7,PRODUCTIVE MANAGEMENT GP 2,15967,INGENIERÍA EN CONTABILIDAD Y AUDITORIA
147,7,PRODUCTIVE MANAGEMENT GP 2,15976,ECONOMÍA
148,7,PRODUCTIVE MANAGEMENT GP 2,15985,ELECTRÓNICA Y TELECOMUNICACIONES
149,7,PRODUCTIVE MANAGEMENT GP 2,15994,ADMINISTRACIÓN EN BANCA Y FINANZAS
150,7,PRODUCTIVE MANAGEMENT GP 2,16003,PSICOLOGÍA
151,7,PRODUCTIVE MANAGEMENT GP 2,16329,DERECHO
152,7,PRODUCTIVE MANAGEMENT GP 2,16338,DERECHO
153,7,PRODUCTIVE MANAGEMENT GP 2,16898,ELECTRÓNICA Y TELECOMUNICACIONES
154,7,PRODUCTIVE MANAGEMENT 1.2,17395,BIOCHEMISTRY Y FARMACIA
155,7,PRODUCTIVE MANAGEMENT 1.2,17598,HOTELERÍA Y TURISMO
156,7,PRODUCTIVE MANAGEMENT 1.2,18031,INGENIERÍA INDUSTRIAL
157,7,PRODUCTIVE MANAGEMENT 1.2,18040,GASTRONOMÍA
158,7,PRODUCTIVE MANAGEMENT 1.2,18485,BIOCHEMISTRY Y FARMACIA
159,7,PRODUCTIVE MANAGEMENT GP 1.2,18708,ARTES PLÁSTICAS Y DISEÑO
160,7,PRODUCTIVE MANAGEMENT GP 1.2,18717,ARTES PLÁSTICAS Y DISEÑO
161,7,PRODUCTIVE MANAGEMENT GP 1.2,18726,INGENIERÍA QUÍMICA
162,7,PRODUCTIVE MANAGEMENT GP 1.1,18735,ARTES PLÁSTICAS Y DISEÑO
163,7,PRODUCTIVE MANAGEMENT GP 1.1,19415,INGENIERÍA QUÍMICA
164,7,PRODUCTIVE MANAGEMENT GP 1.1,19640,ARTES PLÁSTICAS Y DISEÑO
165,7,PRODUCTIVE MANAGEMENT 1.1,20126,BIOCHEMISTRY Y FARMACIA
166,7,PRODUCTIVE MANAGEMENT 1.1,20135,BIOCHEMISTRY Y FARMACIA
167,7,PRODUCTIVE MANAGEMENT 1.1,20603,HOTELERÍA Y TURISMO
168,7,PRODUCTIVE MANAGEMENT 1.1,21208,GEOLOGÍA Y MINAS
169,7,PRODUCTIVE MANAGEMENT 1.1,21436,INGENIERÍA INDUSTRIAL
170,8,PRODUCTIVE MANAGEMENT GP 3.1A,21445,INGENIERÍA QUÍMICA
171,9,PRODUCTIVE MANAGEMENT GP 3,21454,ELECTRÓNICA Y TELECOMUNICACIONES
172,9,PRODUCTIVE MANAGEMENT GP 3,21662,ELECTRÓNICA Y TELECOMUNICACIONES
173,9,PRODUCTIVE MANAGEMENT 1.3,22097,HOTELERÍA Y TURISMO
174,9,PRODUCTIVE MANAGEMENT 1.3,22106,HOTELERÍA Y TURISMO
175,10,PRODUCTIVE MANAGEMENT GP1,22500,ADMINISTRACIÓN EN BANCA Y FINANZAS
176,10,PRODUCTIVE MANAGEMENT 1.4,22509,HOTELERÍA Y TURISMO
177,11,FINAL DEGREE PROJECT GP 4,23198,ELECTRÓNICA Y TELECOMUNICACIONES
178,11,FINAL DEGREE PROJECT GP 4,23207,ELECTRÓNICA Y TELECOMUNICACIONES
179,11,DEGREE PROJECT,23546,INGLÉS
180,11,DEGREE PROJECT,23555,INGLÉS
181,11,FINAL DEGREE PROJECT GP4.1,23564,SISTEMAS INFORMÁTICOS Y COMPUTACIÓN
182,11,FINAL DEGREE PROJECT GP4.1,23797,SISTEMAS INFORMÁTICOS Y COMPUTACIÓN
183,11,FINAL DEGREE PROJECT GP4.2,24218,SISTEMAS INFORMÁTICOS Y COMPUTACIÓN
184,11,FINAL DEGREE PROJECT GP4.2,24496,SISTEMAS INFORMÁTICOS Y COMPUTACIÓN
185,11,PROJECTS,24505,INGENIERÍA EN CONTABILIDAD Y AUDITORIA
186,11,PROJECTS I,24514,ECONOMÍA
187,11,PROJECTS,24523,HOTELERÍA Y TURISMO
188,11,PROJECTS,24532,ADMINISTRACIÓN EN BANCA Y FINANZAS
189,11,PROJECTS,24541,GASTRONOMÍA
190,11,PROJECTS,24550,ADMINISTRACIÓN DE EMPRESAS
191,11,PROJECTS I,24559,ARQUITECTURA
192,11,PROJECTS II,24568,ECONOMÍA
193,11,PROJECTS II,24577,ARQUITECTURA
194,12,PROJECT MANAGEMENT,24815,SISTEMAS INFORMÁTICOS Y COMPUTACIÓN
195,13,THESIS PROJECT GP 4.1,24824,GEOLOGÍA Y MINAS
196,13,THESIS PROJECT GP 4.1,24833,GEOLOGÍA Y MINAS
197,13,THESIS PROJECT GP 4.2,25163,GEOLOGÍA Y MINAS
198,13,THESIS PROJECT GP 4.2,25172,GEOLOGÍA Y MINAS
199,14,DESIGN OF PROJECTS AND MANAGEMENT PLANS FOR CONSERVATION,25181,BIOLOGÍA
200,14,DESIGN FORMULATION AND EVALUATION OF PROJECTS,25190,INGENIERÍA AGROPECUARIA
201,15,DESIGN AND EVALUATION OF SOCIO-ENVIRONMENTAL PROJECTS,25199,GESTIÓN AMBIENTAL
202,15,DESIGN AND EVALUATION OF SOCIO-ENVIRONMENTAL PROJECTS,25208,GESTIÓN AMBIENTAL
203,15,GP3 COMMUNITY NURSING II. PRESENTATION PROJECT OF END OF DEGREE,25217,ENFERMERÍA
204,15,GP3 COMMUNITY NURSING II. PRESENTATION PROJECT OF END OF DEGREE,25439,Enfermería
205,16,GP2 COMMUNITY NURSING I (APS). INTRODUCTION TO THE END OF DEGREE PROJECT,25660,ENFERMERÍA
206,16,EXTERNAL- APPROVAL PROJECT END OF DEGREE,25861,Enfermería
207,16,INDUSTRIAL PROJECTS I,25870,INGENIERÍA QUÍMICA
208,16,INDUSTRIAL PROJECTS II,25879,INGENIERÍA QUÍMICA
209,16,PROJECTS III,25888,ARQUITECTURA
210,16,ENGINEERING PROJECTS,25897,ELECTRÓNICA Y TELECOMUNICACIONES
211,16,PROJECTS IV,25906,ARQUITECTURA
212,16,PROJECTS V,25915,ARQUITECTURA
213,16,VI URBAN-ARCHITECTURAL PROJECT,26202,ARQUITECTURA
214,16,AGROINDUSTRIAL PROJECTS,26211,INGENIERO EN ALIMENTOS
215,17,FINAL DEGREE PROJECT I GP 4.1,26434,INGENIERÍA EN CONTABILIDAD Y AUDITORIA
216,17,FINAL DEGREE PROJECT GP 4.1,26842,ARTES PLÁSTICAS Y DISEÑO
217,17,FINAL DEGREE PROJECT GP 4.1,27286,COMUNICACIÓN SOCIAL
218,17,FINAL DEGREE PROJECT I GP 4.1,27295,CONTABILIDAD Y AUDITORÍA
219,17,FINAL DEGREE PROJECT GP 4.1,27304,ARTES PLÁSTICAS Y DISEÑO
220,17,FINAL DEGREE PROJECT GP 4.1,27313,COMUNICACIÓN SOCIAL
221,17,FINAL DEGREE PROJECT GP 4.1,27322,INGENIERÍA QUÍMICA
222,17,FINAL DEGREE PROJECT 4.1,27608,BIOCHEMISTRY Y FARMACIA
223,17,FINAL DEGREE PROJECT 4.1,27878,HOTELERÍA Y TURISMO
224,17,FINAL DEGREE PROJECT 4.1,27887,INGENIERÍA CIVIL
225,17,FINAL DEGREE PROJECT 4.1,27896,GESTIÓN AMBIENTAL
226,17,FINAL DEGREE PROJECT 4.1,28298,GESTIÓN AMBIENTAL
227,17,FINAL DEGREE PROJECT 4.1,28307,BIOLOGÍA
228,17,FINAL DEGREE PROJECT 4.1,28722,GASTRONOMÍA
229,17,FINAL DEGREE PROJECT 4.1,28731,DERECHO
230,17,FINAL DEGREE PROJECT 4.1,28740,BIOCHEMISTRY Y FARMACIA
231,17,FINAL DEGREE PROJECT 4.1,28749,HOTELERÍA Y TURISMO
232,17,FINAL DEGREE PROJECT 4.1,28758,INGENIERÍA CIVIL
233,17,FINAL DEGREE PROJECT 4.1,28767,GESTIÓN AMBIENTAL
234,17,FINAL DEGREE PROJECT 4.1,28981,GESTIÓN AMBIENTAL
235,17,FINAL DEGREE PROJECT 4.1,28990,BIOLOGÍA
236,17,FINAL DEGREE PROJECT 4.1,28999,ARQUITECTURA
237,17,FINAL DEGREE PROJECT 4.1,29008,GASTRONOMÍA
238,17,FINAL DEGREE PROJECT 4.1,29583,DERECHO
239,17,FINAL DEGREE PROJECT 4.1,29592,RELACIONES PUBLICAS
240,17,FINAL DEGREE PROJECT 4.2,29601,BIOCHEMISTRY Y FARMACIA
241,17,FINAL DEGREE PROJECT 4.2,29610,HOTELERÍA Y TURISMO
242,17,FINAL DEGREE PROJECT 4.2,29619,INGENIERÍA CIVIL
243,17,FINAL DEGREE PROJECT 4.2,29628,GESTIÓN AMBIENTAL
244,17,FINAL DEGREE PROJECT 4.2,29637,BIOLOGÍA
245,17,FINAL DEGREE PROJECT 4.2,29646,ADMINISTRACIÓN EN BANCA Y FINANZAS
246,17,FINAL DEGREE PROJECT 4.2,29655,GASTRONOMÍA
247,17,FINAL DEGREE PROJECT 4.2,29664,ADMINISTRACIÓN DE EMPRESAS
248,17,FINAL DEGREE PROJECT 4.2,29673,RELACIONES PUBLICAS
249,17,FINAL DEGREE PROJECT 4.2,29682,DERECHO
250,17,FINAL DEGREE PROJECT 4.2,29691,BIOCHEMISTRY Y FARMACIA
251,17,FINAL DEGREE PROJECT 4.2,29700,HOTELERÍA Y TURISMO
252,17,FINAL DEGREE PROJECT 4.2,29709,INGENIERÍA CIVIL
253,17,FINAL DEGREE PROJECT 4.2,29718,GESTIÓN AMBIENTAL
254,17,FINAL DEGREE PROJECT 4.2,29727,GESTIÓN AMBIENTAL
255,17,FINAL DEGREE PROJECT 4.2,30019,BIOLOGÍA
256,17,FINAL DEGREE PROJECT 4.2,30588,ADMINISTRACIÓN EN BANCA Y FINANZAS
257,17,FINAL DEGREE PROJECT 4.2,31251,ARQUITECTURA
258,17,FINAL DEGREE PROJECT 4.2,31260,ADMINISTRACIÓN DE EMPRESAS
259,17,FINAL DEGREE PROJECT 4.2,31269,DERECHO
260,17,FINAL DEGREE PROJECT 4.2,31619,RELACIONES PUBLICAS
261,17,FINAL DEGREE PROJECT GP 4.2,32013,INGENIERÍA QUÍMICA
262,17,FINAL DEGREE PROJECT GP 4.2,32458,COMUNICACIÓN SOCIAL
263,17,FINAL DEGREE PROJECT GP 4.2,32467,PSICOLOGÍA
264,17,FINAL DEGREE PROJECT GP 4.2,32900,PSICOLOGÍA
265,17,FINAL DEGREE PROJECT GP 4.2,32909,COMUNICACIÓN SOCIAL
266,17,FINAL DEGREE PROJECT II GP 4.2,33232,CONTABILIDAD Y AUDITORÍA
267,17,FINAL DEGREE PROJECT II GP 4.2,33753,INGENIERÍA EN CONTABILIDAD Y AUDITORIA
268,17,STATISTICS I,34008,ECONOMÍA
269,17,STATISTICS,34017,SISTEMAS INFORMÁTICOS Y COMPUTACIÓN
270,17,STATISTICS,34026,GEOLOGÍA Y MINAS
271,17,STATISTICS,34523,INGENIERO EN ALIMENTOS
272,17,STATISTICS I,34532,GASTRONOMÍA
273,17,STATISTICS I,34541,HOTELERÍA Y TURISMO
274,17,STATISTICS I,35146,ADMINISTRACIÓN DE EMPRESAS
275,17,STATISTICS I,35562,PSICOLOGÍA
276,17,STATISTICS I,35571,CONTABILIDAD Y AUDITORÍA
277,17,STATISTICS,35580,INGENIERÍA INDUSTRIAL
278,17,STATISTICS,35781,RELACIONES PUBLICAS
279,17,STATISTICS I,35790,ADMINISTRACIÓN EN BANCA Y FINANZAS
280,17,STATISTICS II,36142,INGENIERÍA EN CONTABILIDAD Y AUDITORIA
281,17,STATISTICS II,36465,GASTRONOMÍA
282,17,STATISTICS II,36474,ADMINISTRACIÓN EN BANCA Y FINANZAS
283,17,STATISTICS II,36483,ECONOMÍA
284,17,STATISTICS II,36492,HOTELERÍA Y TURISMO
285,17,STATISTICS II,36501,PSICOLOGÍA
286,17,STATISTICS II,36714,ADMINISTRACIÓN DE EMPRESAS
287,17,MORPHOFUNCTIONAL I PRACTICAL HISTOLOGY,37017,MEDICINA
288,17,MORPHOFUNCTIONAL I PRACTICAL HISTOLOGY,37605,MEDICINA
289,17,MORPHOFUNCTIONAL II PRACTICAL HISTOLOGY,37614,MEDICINA
290,17,MORPHOFUNCTIONAL II PRACTICAL HISTOLOGY,37623,MEDICINA
291,17,MORPHOFUNCTIONAL II PRACTICAL PHYSIOLOGY,37632,MEDICINA
292,17,MORPHOFUNCTIONAL II PRACTICAL PHYSIOLOGY,37915,MEDICINA
293,17,MORPHOFUNCTIONAL II PRACTICAL ANATOMY,37924,MEDICINA
294,17,MORPHOFUNCTIONAL II PRACTICAL ANATOMY,37933,MEDICINA
295,17,MORPHOFUNCTIONAL I HISTOLOGY THEORY,38292,MEDICINA
296,17,MORPHOFUNCTIONAL I HISTOLOGY THEORY,38547,MEDICINA
297,17,MORPHOFUNCTIONAL II HISTOLOGY THEORY,38759,MEDICINA
298,17,MORPHOFUNCTIONAL II HISTOLOGY THEORY,38768,MEDICINA
299,17,MORPHOFUNCTIONAL II ANATOMY THEORY,39087,MEDICINA
300,17,MORPHOFUNCTIONAL II ANATOMY THEORY,39096,MEDICINA
301,17,MORPHOFUNCTIONAL II PHYSIOLOGY THEORY,39105,MEDICINA
302,17,MORPHOFUNCTIONAL II PHYSIOLOGY THEORY,39114,MEDICINA
303,17,MORPHOFUNCTIONAL IV NEUROPHYSIOLOGY THEORY,39123,MEDICINA
304,17,MORPHOFUNCTIONAL IV NEUROPHYSIOLOGY THEORY,39132,MEDICINA
305,17,MORPHOFUNCTIONAL IV PRACTICAL NEUROPHYSIOLOGY,39141,MEDICINA
306,17,MORPHOFUNCTIONAL IV PRACTICAL NEUROPHYSIOLOGY,39150,MEDICINA
307,17,MORPHOFUNCTIONAL III PRACTICAL PHYSIOLOGY,39159,MEDICINA
308,17,MORPHOFUNCTIONAL III PRACTICAL PHYSIOLOGY,39168,MEDICINA
309,17,MORPHOFUNCTIONAL III PHYSIOLOGY THEORY,39177,MEDICINA
310,17,MORPHOFUNCTIONAL III PHYSIOLOGY THEORY,39381,MEDICINA
311,17,MORPHOFUNCTIONAL III PRACTICAL ANATOMY,39390,MEDICINA
312,17,MORPHOFUNCTIONAL III PRACTICAL ANATOMY,39399,MEDICINA
313,17,MORPHOFUNCTIONAL I PRACTICAL ANATOMY,39408,MEDICINA
314,17,MORPHOFUNCTIONAL I PRACTICAL ANATOMY,39417,MEDICINA
315,17,MORPHOFUNCTIONAL III ANATOMY THEORY,39426,MEDICINA
316,17,MORPHOFUNCTIONAL III ANATOMY THEORY,39435,MEDICINA
317,17,MORPHOFUNCTIONAL I ANATOMY THEORY,39444,MEDICINA
318,17,MORPHOFUNCTIONAL I ANATOMY THEORY,39453,MEDICINA
319,18,MANAGEMENT OF NATURAL RESOURCES,39462,ADMINISTRACIÓN DE EMPRESAS
320,18,HUMAN TALENT MANAGEMENT,39471,PSICOLOGÍA
321,19,HUMAN RESOURCES MANAGEMENT,39480,CONTABILIDAD Y AUDITORÍA
322,19,HUMAN RESOURCES MANAGEMENT,39489,HOTELERÍA Y TURISMO
323,19,HUMAN RESOURCES MANAGEMENT,39498,ADMINISTRACIÓN DE EMPRESAS
324,19,HUMAN RESOURCES MANAGEMENT,39507,ADMINISTRACIÓN EN BANCA Y FINANZAS
325,20,CONTROL AND QUALITY MANAGEMENT,39728,INGENIERÍA INDUSTRIAL
326,21,QUALITY MANAGEMENT,39937,INGENIERO EN ALIMENTOS
327,21,QUALITY MANAGEMENT,39946,ADMINISTRACIÓN DE EMPRESAS
328,22,BUSINESS MANAGEMENT,39955,INGENIERO EN ALIMENTOS
329,22,BUSINESS AND QUALITY MANAGEMENT,40156,INGENIERÍA QUÍMICA
330,22,URBAN ENVIRONMENTAL MANAGEMENT,40165,GESTIÓN AMBIENTAL
331,22,ENVIRONMENTAL MANAGEMENT,40174,INGENIERÍA INDUSTRIAL
332,23,STRATEGIC MANAGEMENT,40183,INGENIERÍA EN CONTABILIDAD Y AUDITORIA
333,23,STRATEGIC MANAGEMENT,40192,ADMINISTRACIÓN DE EMPRESAS
334,23,STRATEGIC MANAGEMENT,40201,ADMINISTRACIÓN EN BANCA Y FINANZAS
335,23,LIVESTOCK MANAGEMENT PRACTICES,40402,INGENIERÍA AGROPECUARIA
336,23,LIVESTOCK MANAGEMENT PRACTICES,40411,INGENIERÍA AGROPECUARIA
337,24,HEALTH MANAGEMENT,40420,MEDICINA
338,24,LEGISLATION AND MANAGEMENT OF HEALTH AND NURSING SERVICES,40429,Enfermería
339,25,SUSTAINABLE SOIL MANAGEMENT,40438,GESTIÓN AMBIENTAL
340,25,SUSTAINABLE SOIL MANAGEMENT,40683,GESTIÓN AMBIENTAL
341,26,INFORMATION TECHNOLOGY MANAGEMENT,40692,SISTEMAS INFORMÁTICOS Y COMPUTACIÓN
342,27,FLORA AND FAUNA MANAGEMENT,40701,GESTIÓN AMBIENTAL
343,27,FLORA AND FAUNA MANAGEMENT,40710,GESTIÓN AMBIENTAL
344,28,INTRODUCTION AND IRRIGATION MANAGEMENT,40719,INGENIERÍA AGROPECUARIA
345,28,HOTEL MANAGEMENT,40728,HOTELERÍA Y TURISMO
346,28,MANAGEMENT STRATEGIES,40737,ADMINISTRACIÓN DE EMPRESAS
347,28,ENERGY MANAGEMENT,40979,INGENIERÍA INDUSTRIAL
348,28,ENTOMOLOGY AND INTEGRATED PEST MANAGEMENT,40988,INGENIERÍA AGROPECUARIA
349,28,URBAN WASTE MANAGEMENT,40997,INGENIERÍA CIVIL
350,28,SOLID WASTE MANAGEMENT,41263,INGENIERÍA QUÍMICA
351,28,EXTERNAL GP 3.2,41272,MEDICINA
352,29,PRACTICE EXPLORATION GP 3.2,41829,GEOLOGÍA Y MINAS
353,29,PRACTICE EXPLORATION GP 3.2,42035,GEOLOGÍA Y MINAS
354,29,PRACTICES IN CITTES GP 3.2,42461,SISTEMAS INFORMÁTICOS Y COMPUTACIÓN
355,29,PRACTICES IN CITTES GP 3.2,42879,SISTEMAS INFORMÁTICOS Y COMPUTACIÓN
356,30,PRACTICE GEOLOGY OF ECUADOR GP 3.1,43187,GEOLOGÍA Y MINAS
357,30,EXTERNAL GP 3.1,43528,MEDICINA
358,31,FORMATION IN GP ACADEMIES 3.1,43847,SISTEMAS INFORMÁTICOS Y COMPUTACIÓN
359,31,FORMATION IN GP ACADEMIES 3.1,44068,SISTEMAS INFORMÁTICOS Y COMPUTACIÓN
360,31,FORMATION IN ACADEMIES GP 1.3,44415,SISTEMAS INFORMÁTICOS Y COMPUTACIÓN
361,31,FORMATION IN ACADEMIES GP 1.3,44675,SISTEMAS INFORMÁTICOS Y COMPUTACIÓN
362,32,"INTERNSHIP: SURGERY, INTERNAL MEDICINE, GYNECOLOGY-OBSTETRICS, PEDIATRICS GP 4.2",45059,MEDICINA
363,32,EXTERNAL GP 3.3,45068,MEDICINA
364,32,EXTERNAL EXTRAMURAL GP 3.4,45724,MEDICINA
365,32,COMMUNITY MEDICINE GP 2.2,45963,MEDICINA
366,33,COMMUNITY MEDICINE GP 2.1,46326,MEDICINA
367,33,COMMUNITY MEDICINE GP 2.1,46559,MEDICINA
368,33,INTERNSHIPS AT CITTES GP 1.1,46893,SISTEMAS INFORMÁTICOS Y COMPUTACIÓN
369,33,INTERNSHIPS AT CITTES GP 1.1,47168,SISTEMAS INFORMÁTICOS Y COMPUTACIÓN
370,33,INTERNSHIPS AT CITTES GP 1.2,47177,SISTEMAS INFORMÁTICOS Y COMPUTACIÓN
371,33,INTERNSHIPS AT CITTES GP 1.2,47402,SISTEMAS INFORMÁTICOS Y COMPUTACIÓN
372,33,PRACTICE IN CITTES GP 2.1,47411,SISTEMAS INFORMÁTICOS Y COMPUTACIÓN
373,33,PRACTICE IN CITTES GP 2.1,47779,SISTEMAS INFORMÁTICOS Y COMPUTACIÓN
374,34,PERFORATION PRACTICE GP 2.2,48065,GEOLOGÍA Y MINAS
375,35,PRACTICE IN CITTES GP 2.2,48656,SISTEMAS INFORMÁTICOS Y COMPUTACIÓN
376,35,PRACTICE IN CITTES GP 2.2,48882,SISTEMAS INFORMÁTICOS Y COMPUTACIÓN
377,36,COST ACCOUNTING II,48891,INGENIERÍA EN CONTABILIDAD Y AUDITORIA
378,37,COST ACCOUNTING,48900,ECONOMÍA
379,37,COST ACCOUNTING,48909,ADMINISTRACIÓN EN BANCA Y FINANZAS
380,37,COST ACCOUNTING,48918,ADMINISTRACIÓN DE EMPRESAS
381,37,COST ACCOUNTING I,48927,CONTABILIDAD Y AUDITORÍA
382,37,COST ACCOUNTING,48936,HOTELERÍA Y TURISMO
383,37,COST ACCOUNTING,48945,GASTRONOMÍA
384,37,COST ACCOUNTING,48954,INGENIERÍA INDUSTRIAL
385,38,MANAGEMENT ACCOUNTING,48963,INGENIERÍA EN CONTABILIDAD Y AUDITORIA
386,39,BANK ACCOUNTING,48972,CONTABILIDAD Y AUDITORÍA
387,39,BANK ACCOUNTING,48981,ADMINISTRACIÓN EN BANCA Y FINANZAS
388,40,ACCOUNTING,48990,SISTEMAS INFORMÁTICOS Y COMPUTACIÓN
389,40,AGRICULTURAL ACCOUNTING,48999,INGENIERÍA AGROPECUARIA
390,40,ACCOUNTING ORGANIZATION,49008,CONTABILIDAD Y AUDITORÍA
391,40,SUPERIOR ACCOUNTING,49017,CONTABILIDAD Y AUDITORÍA
392,40,GOVERNMENT ACCOUNTING,49026,INGENIERÍA EN CONTABILIDAD Y AUDITORIA
393,40,GENERAL ACCOUNTING II,49358,INGENIERÍA EN CONTABILIDAD Y AUDITORIA
394,41,GENERAL ACCOUNTING,49367,HOTELERÍA Y TURISMO
395,41,GENERAL ACCOUNTING I,49757,CONTABILIDAD Y AUDITORÍA
396,41,GENERAL ACCOUNTING,49766,ECONOMÍA
397,41,GENERAL ACCOUNTING,49775,ADMINISTRACIÓN EN BANCA Y FINANZAS
398,41,GENERAL ACCOUNTING,50042,CONTABILIDAD Y AUDITORÍA
399,41,GENERAL ACCOUNTING,50051,ADMINISTRACIÓN DE EMPRESAS
400,41,GENERAL BIOLOGY,50060,AGROPECUARIA
401,41,GENERAL BIOLOGY,50069,BIOCHEMISTRY Y FARMACIA
402,41,GENERAL BIOLOGY,50078,BIOLOGÍA
403,41,GENERAL BIOLOGY,50087,MEDICINA
404,41,GENERAL CHEMISTRY,50096,BIOCHEMISTRY Y FARMACIA
405,41,GENERAL CHEMISTRY,50446,INGENIERÍA QUÍMICA
406,41,GENERAL CHEMISTRY,50455,Área Biológica y Biomédica
407,41,GENETICS GENERAL,50728,BIOCHEMISTRY Y FARMACIA
408,41,GENETICS GENERAL,50737,BIOCHEMISTRY Y FARMACIA
409,42,GENERAL ECONOMICS,51047,INGENIERÍA INDUSTRIAL
410,42,GENERAL ECOLOGY,51529,BIOLOGÍA
411,42,GENERAL PSYCHOLOGY,51538,PSICOLOGÍA
412,42,GENERAL GEOLOGY,51547,GEOLOGÍA Y MINAS
413,43,GENERAL PATHOLOGY,51556,MEDICINA
414,43,GENERAL PATHOLOGY,51805,MEDICINA
415,43,MATHEMATICS FOR BIOMEDICAL SCIENCES,52064,MEDICINA
416,43,MATHEMATICS FOR BIOMEDICAL SCIENCES,52339,MEDICINA
417,44,MATHEMATICS FOR BIOLOGICAL SCIENCES II,52348,BIOLOGÍA
418,45,MATHEMATICS FOR BIOLOGICAL SCIENCES,52357,BIOCHEMISTRY Y FARMACIA
419,45,MATHEMATICS FOR BIOLOGICAL SCIENCES I,52608,BIOLOGÍA
420,45,MATHEMATICS FOR BIOLOGICAL SCIENCES,53149,BIOCHEMISTRY Y FARMACIA
421,45,FINANCIAL MATHEMATICS,53382,INGENIERÍA EN CONTABILIDAD Y AUDITORIA
422,45,FINANCIAL MATHEMATICS,53391,ECONOMÍA
423,45,FINANCIAL MATHEMATICS,53715,ADMINISTRACIÓN EN BANCA Y FINANZAS
424,45,FINANCIAL MATHEMATICS,54098,HOTELERÍA Y TURISMO
425,45,FINANCIAL MATHEMATICS,54107,ADMINISTRACIÓN DE EMPRESAS
426,45,FINANCIAL MATHEMATICS,54116,GASTRONOMÍA
427,46,DISCRETE MATHEMATICS,54125,SISTEMAS INFORMÁTICOS Y COMPUTACIÓN
428,47,MATHEMATICS,54134,INGENIERÍA EN CONTABILIDAD Y AUDITORIA
429,47,MATHEMATICS,54143,ADMINISTRACIÓN EN BANCA Y FINANZAS
430,47,MATHEMATICS,54152,ADMINISTRACIÓN DE EMPRESAS
431,47,MATHEMATICS,55488,ECONOMÍA
432,47,MATHEMATICS,55497,HOTELERÍA Y TURISMO
433,47,MATHEMATICS,55506,ARQUITECTURA
434,47,MATHEMATICS,55515,INGENIERÍA CIVIL
435,47,PHYSICS FOR BIOMEDICAL SCIENCES,56090,MEDICINA
436,47,PHYSICS FOR BIOMEDICAL SCIENCES,56099,MEDICINA
437,47,PHYSICS FOR BIOLOGICAL SCIENCES,56108,BIOCHEMISTRY Y FARMACIA
438,47,PHYSICS FOR BIOLOGICAL SCIENCES,56117,BIOCHEMISTRY Y FARMACIA
439,48,PHYSICS II,56126,INGENIERÍA INDUSTRIAL
440,49,PHYSICS I,56135,INGENIERÍA INDUSTRIAL
441,49,PHYSICS,56144,INGENIERÍA QUÍMICA
442,49,PHYSICS,56153,INGENIERO EN ALIMENTOS
443,49,PHYSICS,56162,SISTEMAS INFORMÁTICOS Y COMPUTACIÓN
444,49,PHYSICS,56171,GEOLOGÍA Y MINAS
445,49,PHYSICS,56180,INGENIERÍA CIVIL
446,50,BASIC PHYSICS,56189,Área Biológica y Biomédica
447,50,UNIVERSITY PHYSICS,56198,ELECTRÓNICA Y TELECOMUNICACIONES
448,51,CHEMICAL PHYSICS,56523,BIOCHEMISTRY Y FARMACIA
449,51,CHEMICAL PHYSICS,56532,BIOCHEMISTRY Y FARMACIA
450,52,INTEGRATED CLINIC II PRACTICAL SEMIOLOGY,56541,MEDICINA
451,53,INTEGRATED CLINIC I: PRACTICAL SEMIOLOGY,56550,MEDICINA
452,53,INTEGRATED CLINIC I: PRACTICAL SEMIOLOGY,56559,MEDICINA
453,54,INTEGRATED CLINIC II PHYSIOPATHOLOGY,56568,MEDICINA
454,54,INTEGRATED CLINICS II SEMIOLOGY THEORY,56577,MEDICINA
455,54,INTEGRATED CLINIC III IMAGE,56586,MEDICINA
456,54,INTEGRATED CLINIC III RENAL,56595,MEDICINA
457,54,INTEGRATED CLINIC III CARDIOVASCULAR,56604,MEDICINA
458,54,INTEGRATED RESPIRATORY CLINIC III,56613,MEDICINA
459,55,INTEGRATED OF CLINICAL I: THEORETICAL SEMIOLOGY,56622,MEDICINA
460,55,INTEGRATED OF CLINICAL I: THEORETICAL SEMIOLOGY,56884,MEDICINA
461,56,INTEGRATED CLINIC IV HEMATOLOGY,56893,MEDICINA
462,56,INTEGRATED CLINIC IV EPIDEMIOLOGY,57216,MEDICINA
463,56,INTEGRATED CLINIC IV ENDOCRINOLOGY,57225,MEDICINA
464,56,INTEGRATED CLINIC IV DIGESTIVE,57234,MEDICINA
465,56,INTEGRATED SURGICAL CLINICS GENERAL SURGERY AND SURGICAL TECHNIQUE,57524,MEDICINA
466,56,INTEGRATED SURGICAL CLINICS CRITICAL MEDICINE AND EMERGENCIES,58140,MEDICINA
467,56,INTEGRATED SURGICAL CLINICS TRAUMATOLOGY,58518,MEDICINA
468,56,INTEGRATED CLINIC SURGICAL UROLOGY,58769,MEDICINA
469,57,INTEGRATED CLINIC I: PHYSIOPATHOLOGY,58778,MEDICINA
470,57,INTEGRATED CLINIC I: PHYSIOPATHOLOGY,59458,MEDICINA
471,58,INTEGRATED MEDICAL CLINIC: IMMUNE-RHEUMATOLOGY,59879,MEDICINA
472,58,INTEGRATED MEDICAL CLINIC: ONCOLOGÍA,60176,MEDICINA
473,58,INTEGRATED MEDICAL CLINIC: NEUROLOGY,60185,MEDICINA
474,58,HISTORY OF ARCHITECTURE III,60386,ARQUITECTURA
475,58,HISTORY OF ARCHITECTURE I,60395,ARQUITECTURA
476,58,HISTORY OF ARCHITECTURE II,60688,ARQUITECTURA
477,58,HISTORY OF ART II,61257,ARTES PLÁSTICAS Y DISEÑO
478,58,HISTORY OF ART III,61266,ARTES PLÁSTICAS Y DISEÑO
479,58,HISTORY OF ART IV,61275,ARTES PLÁSTICAS Y DISEÑO
480,58,HISTORY OF ART V,61284,ARTES PLÁSTICAS Y DISEÑO
481,58,HISTORY OF ART VI,61293,ARTES PLÁSTICAS Y DISEÑO
482,58,HISTORY OF ART I,61982,ARTES PLÁSTICAS Y DISEÑO
483,58,HISTORY OF ART VII,61991,ARTES PLÁSTICAS Y DISEÑO
484,59,HISTORY OF COMMUNICATION,62000,COMUNICACIÓN SOCIAL
485,59,HISTORY OF COMMUNICATION,62388,COMUNICACIÓN
486,60,HISTORY OF ECONOMIC THOUGHTS,62397,ECONOMÍA
487,60,HISTORY OF MEDICINE,62620,MEDICINA
488,61,FRENCH II,62629,GASTRONOMÍA
489,61,FRENCH II,62638,HOTELERÍA Y TURISMO
490,61,FRENCH III,62951,GASTRONOMÍA
491,61,FRENCH III,62960,HOTELERÍA Y TURISMO
492,61,FRENCH I,63267,INGLÉS
493,61,FRENCH I,63276,GASTRONOMÍA
494,61,FRENCH I,63285,HOTELERÍA Y TURISMO
495,61,FRENCH IV,63715,GASTRONOMÍA
496,61,FRENCH IV,63724,HOTELERÍA Y TURISMO
497,62,ARTISTIC DRAWING II,63733,ARTES PLÁSTICAS Y DISEÑO
498,62,ARTISTIC DRAWING III,64137,ARTES PLÁSTICAS Y DISEÑO
499,62,ARTISTIC DRAWING IV,64146,ARTES PLÁSTICAS Y DISEÑO
500,62,ARTISTIC DRAWING V,64155,ARTES PLÁSTICAS Y DISEÑO
501,62,ARTISTIC DRAWING AND PAINTING I,64164,ARTES PLÁSTICAS Y DISEÑO
502,63,ARTISTIC DRAWING,64173,ARQUITECTURA
503,63,ARTISTIC DRAWING,64388,ARTES PLÁSTICAS Y DISEÑO
504,64,ARTISTIC PHOTOGRAPHY,64397,ARTES PLÁSTICAS Y DISEÑO
505,64,COMBINED ARTISTIC LANGUAGES,64406,ARTES PLÁSTICAS Y DISEÑO
506,64,INDUSTRIAL DRAWING,64415,INGENIERÍA INDUSTRIAL
507,64,ARCHITECTURAL DRAWING,64424,ARQUITECTURA
508,64,DRAWING AND DESCRIPTIVE,64643,INGENIERÍA CIVIL
509,64,DRAWING AND DESCRIPTIVE GEOMETRY,64853,ARQUITECTURA
510,65,ECOLOGY III,64862,BIOLOGÍA
511,65,ECOLOGY III,64871,BIOLOGÍA
512,65,ECOLOGY,64880,AGROPECUARIA
513,65,ECOLOGY,65128,GESTIÓN AMBIENTAL
514,65,ECOLOGY,65137,INGENIERÍA AGROPECUARIA
515,65,HUMAN ECOLOGY,65388,GESTIÓN AMBIENTAL
516,65,HUMAN ECOLOGY,65397,GESTIÓN AMBIENTAL
517,65,HYDRAULICS III,65406,INGENIERÍA CIVIL
518,65,HYDRAULICS III,65415,INGENIERÍA CIVIL
519,65,HYDRAULICS I,65424,INGENIERÍA CIVIL
520,65,HYDRAULICS I,65628,INGENIERÍA CIVIL
521,66,DESIGN III,65637,ARTES PLÁSTICAS Y DISEÑO
522,66,AUDIT III,65646,CONTABILIDAD Y AUDITORÍA
523,66,SCULPTURE III,65937,ARTES PLÁSTICAS Y DISEÑO
524,66,PAINTING III,65946,ARTES PLÁSTICAS Y DISEÑO
525,66,CONSTRUCTIONS III,65955,ARQUITECTURA
526,66,CERAMICS III,65964,ARTES PLÁSTICAS Y DISEÑO
527,66,SERVICES III,65973,GASTRONOMÍA
528,66,ECONOMETRY III,65982,ECONOMÍA
529,66,MACROECONOMICS III,65991,ECONOMÍA
530,67,MACROECONOMICS I,66000,ECONOMÍA
531,67,MACROECONOMICS,66203,ADMINISTRACIÓN EN BANCA Y FINANZAS
532,67,MACROECONOMICS,66462,CONTABILIDAD Y AUDITORÍA
533,67,MACROECONOMICS,66471,ADMINISTRACIÓN DE EMPRESAS
534,68,MICROECONOMICS III,66480,ECONOMÍA
535,69,MICROECONOMICS,67160,INGENIERÍA EN CONTABILIDAD Y AUDITORIA
536,69,MICROECONOMICS I,67169,ECONOMÍA
537,69,MICROECONOMICS,67178,ADMINISTRACIÓN DE EMPRESAS
538,69,MICROECONOMICS,67187,ADMINISTRACIÓN EN BANCA Y FINANZAS
539,69,INTRODUCTION TO ECONOMICS,67196,ADMINISTRACIÓN DE EMPRESAS
540,69,INTRODUCTION TO ECONOMICS,67205,CONTABILIDAD Y AUDITORÍA
541,69,INTRODUCTION TO ECONOMICS,67214,ADMINISTRACIÓN EN BANCA Y FINANZAS
542,69,INTRODUCTION TO ECONOMICS,67223,HOTELERÍA Y TURISMO
543,70,ECONOMICS FINANCES AND INVESTMENTS,67487,SISTEMAS INFORMÁTICOS Y COMPUTACIÓN
544,71,ECONOMICS OF ECUADOR,68092,ECONOMÍA
545,71,ECONOMICS OF ECUADOR,68101,ECONOMÍA
546,72,PUBLIC ECONOMICS,68479,ECONOMÍA
547,73,ECONOMICS,68996,GASTRONOMÍA
548,73,ECONOMICS,69299,GASTRONOMÍA
549,74,INTERNATIONAL ECONOMICS,69308,ECONOMÍA
550,74,POPULAR AND SOLIDARITY ECONOMICS,69317,ECONOMÍA
551,74,POLITICAL ECONOMICS,69326,ECONOMÍA
552,74,APPLIED ORGANIC CHEMISTRY,69794,BIOLOGÍA
553,75,ORGANIC CHEMISTRY,70027,BIOCHEMISTRY Y FARMACIA
554,75,ORGANIC CHEMISTRY,70036,BIOCHEMISTRY Y FARMACIA
555,75,ORGANIC CHEMISTRY,70045,INGENIERO EN ALIMENTOS
556,75,ORGANIC CHEMISTRY,70054,INGENIERÍA QUÍMICA
557,76,INTRODUCTION TO MEDICINE CHEMISTRY,70063,BIOCHEMISTRY Y FARMACIA
558,77,PHYSICAL CHEMISTRY,70521,INGENIERO EN ALIMENTOS
559,77,PHYSICAL CHEMISTRY,70841,INGENIERÍA QUÍMICA
560,77,ANALYTIC CHEMISTRY,70850,BIOCHEMISTRY Y FARMACIA
561,77,ANALYTIC CHEMISTRY,71432,BIOCHEMISTRY Y FARMACIA
562,78,CHEMISTRY,71441,GEOLOGÍA Y MINAS
563,78,INORGANIC CHEMISTRY,72010,INGENIERÍA QUÍMICA
564,78,ENVIROMENTAL CHEMISTRY,72258,Área Biológica y Biomédica
565,78,PHYSICAL-FOOD CHEMISTRY,72730,Área Biológica y Biomédica
566,79,PUBLIC HEALTH,72739,MEDICINA
567,79,PUBLIC HEALTH,72748,MEDICINA
568,79,PUBLIC OPINION,72757,RELACIONES PUBLICAS
569,79,PUBLIC OPINION,73420,COMUNICACIÓN SOCIAL
570,80,PUBLIC INTERNATIONAL LAW,73852,DERECHO
571,80,INTRODUCTION TO INTERNATIONAL RELATIONS IN UNITED NATIONS,73861,DERECHO
572,80,INTERNATIONAL RELATIONS AND GLOBALIZATION,74094,RELACIONES PUBLICAS
573,80,MANAGEMENT AND PLANNING OF PUBLIC RELATIONS,74103,RELACIONES PUBLICAS
574,80,PUBLIC RELATIONS TECHNIQUES,74112,RELACIONES PUBLICAS
575,80,RADIO AND TELEVISION IN PUBLIC RELATIONS,74121,RELACIONES PUBLICAS
576,81,PUBLIC RELATIONS,74537,COMUNICACIÓN SOCIAL
577,81,PUBLIC RELATIONS,74546,RELACIONES PUBLICAS
578,81,PUBLIC RELATIONS AND PROTOCOL,74555,HOTELERÍA Y TURISMO
579,81,PUBLIC RELATIONS AND PROTOCOL,75891,HOTELERÍA Y TURISMO
580,82,PSYCHOLOGY OF COMMUNICATION AND MARKETING,76137,PSICOLOGÍA
581,83,MARKETING,76524,INGENIERÍA EN CONTABILIDAD Y AUDITORIA
582,83,MARKETING,76763,ADMINISTRACIÓN DE EMPRESAS
583,83,MARKETING,77289,ADMINISTRACIÓN EN BANCA Y FINANZAS
584,83,MARKETING,77522,RELACIONES PUBLICAS
585,83,MARKETING,77808,COMUNICACIÓN SOCIAL
586,84,TOURIST AND HOTEL MARKETING,78437,HOTELERÍA Y TURISMO
587,84,POLITICAL MARKETING,78788,RELACIONES PUBLICAS
588,84,MARKETING OF SERVICE COMPANIES,78994,GASTRONOMÍA
589,84,PSYCHOLOGY OF PERFORMANCE II,79602,PSICOLOGÍA
590,84,PSYCHOLOGY OF DEVELOPMENT II,79866,PSICOLOGÍA
591,84,INTRODUCTION TO CLINICAL PSYCHOLOGY,79875,PSICOLOGÍA
592,84,CLINICAL PSYCHOLOGY,80123,MEDICINA
593,84,PSYCHOLOGY OF DEVELOPMENT I,80404,PSICOLOGÍA
594,84,PSYCHOLOGY OF LEARNING,80778,INGLÉS
595,84,PSYCHOLOGY AND LANGUAGE LEARNING,81449,INGLÉS
596,84,PSYCHOLOGY OF THE FAMILY,81682,PSICOLOGÍA
597,84,ORGANIZATIONAL PSYCHOLOGY,81691,PSICOLOGÍA
598,84,SOCIAL PSYCHOLOGY,81908,PSICOLOGÍA
599,84,DIFFERENTIAL PSYCHOLOGY,82332,PSICOLOGÍA
600,84,PSYCHOLOGY OF PERSONALITY,82598,PSICOLOGÍA
601,84,PSYCHOLOGY OF PERFORMANCE I,82821,PSICOLOGÍA
602,85,COMMUNICATION THEORY,83173,RELACIONES PUBLICAS
603,85,COMMUNICATION THEORY,83479,COMUNICACIÓN SOCIAL
604,86,THEORY OF ARCHITECTURE,83816,ARQUITECTURA
605,87,IMAGE THEORY,84441,COMUNICACIÓN SOCIAL
606,87,IMAGE THEORY,84803,COMUNICACIÓN
607,88,THEORIES OF THE ENGLISH PEDAGOGY,85142,INGLÉS
608,88,THEORY OF AUTOMATIC CONTROL,85554,ELECTRÓNICA Y TELECOMUNICACIONES
609,88,THEORY OF ACCUMULATION AND GROWTH,85865,ECONOMÍA
610,88,THEORY OF ELECTROMAGNETIC FIELDS,86121,ELECTRÓNICA Y TELECOMUNICACIONES
611,88,THEORY OF AUTOMATS AND COMPILERS,86424,SISTEMAS INFORMÁTICOS Y COMPUTACIÓN
612,88,CASE THEORY,86640,DERECHO
613,88,GAMES THEORY,87075,ECONOMÍA
614,88,CIRCUIT THEORIES,87084,ELECTRÓNICA Y TELECOMUNICACIONES
615,88,THEORIES AND PSYCHOLOGICAL SYSTEMS,87093,PSICOLOGÍA
616,88,ANATOMY AND ANIMAL PHYSIOLOGY,87102,INGENIERÍA AGROPECUARIA
617,88,MORPHO ANIMAL PHYSIOLOGY,87111,BIOLOGÍA
618,88,ANIMAL PHYSIOLOGY,87347,BIOLOGÍA
619,89,PHYSIOLOGY,87356,BIOCHEMISTRY Y FARMACIA
620,89,PHYSIOLOGY,87365,BIOCHEMISTRY Y FARMACIA
621,90,ANATOMY AND VEGETABLE PHYSIOLOGY,87374,INGENIERÍA AGROPECUARIA
622,90,MORPHATE VEGETABLE PHYSIOLOGY,87383,BIOLOGÍA
623,90,VEGETABLE PHYSIOLOGY,87392,BIOLOGÍA
624,90,VEGETABLE DIVERSITY II,87846,BIOLOGÍA
625,90,ANIMAL DIVERSITY II,88166,BIOLOGÍA
626,91,ANIMAL DIVERSITY,88391,GESTIÓN AMBIENTAL
627,91,ANIMAL DIVERSITY,88736,GESTIÓN AMBIENTAL
628,91,ANIMAL DIVERSITY I,89075,BIOLOGÍA
629,92,ANIMAL NUTRITION,89400,INGENIERÍA AGROPECUARIA
630,92,ANIMAL REPRODUCTION,89776,INGENIERÍA AGROPECUARIA
631,92,ANIMAL BIOTECHNOLOGY,89991,BIOLOGÍA
632,92,"ERGONOMICS FOCUSED ON DESIGN, POSTUROLOGY, PHYSIOLOGY AND COGNITIVE AREAS",90000,INGENIERÍA INDUSTRIAL
633,92,DESIGN ASSISTED BY COMPUTER,90335,INGENIERÍA INDUSTRIAL
634,92,SCIENTIFIC RESEARCH DESIGN,90344,GESTIÓN AMBIENTAL
635,92,EXPERIMENTAL BIOLOGY AND SCIENTIFIC DESIGNS,90353,BIOLOGÍA
636,92,EXPERIMENTAL DESIGN,90362,INGENIERO EN ALIMENTOS
637,92,STATISTICAL METHODS AND EXPERIMENTAL DESIGN,90371,INGENIERÍA QUÍMICA
638,92,BASIC DESIGN I,90380,ARQUITECTURA
639,92,DESIGN V,90389,ARTES PLÁSTICAS Y DISEÑO
640,93,GRAPHIC DESIGN,90398,RELACIONES PUBLICAS
641,93,GRAPHIC DESIGN,90407,COMUNICACIÓN SOCIAL
642,94,DESIGN VI,90416,ARTES PLÁSTICAS Y DISEÑO
643,94,DESIGN I,90425,ARTES PLÁSTICAS Y DISEÑO
644,94,DESIGN OF IRRIGATION SYSTEMS,90434,INGENIERÍA AGROPECUARIA
645,94,EXPERIMENT DESIGN,90443,INGENIERÍA INDUSTRIAL
646,94,DIGITAL DESIGN TOOLS,90452,ARTES PLÁSTICAS Y DISEÑO
647,95,PARAMETRIC DESIGN AND DIGITAL MANUFACTURE,90461,ARQUITECTURA
648,95,PARAMETRIC DESIGN AND DIGITAL MANUFACTURE,90988,ARQUITECTURA
649,96,DIGITAL GRAPHIC EXPRESSION,91318,ARQUITECTURA
650,96,PROCESSING OF ANALOGUE AND DIGITAL SIGNALS,91626,ELECTRÓNICA Y TELECOMUNICACIONES
651,96,DIGITAL JOURNALISM,91866,COMUNICACIÓN SOCIAL
652,96,DIGITAL SYSTEMS,92090,ELECTRÓNICA Y TELECOMUNICACIONES
653,96,DIGITAL ELECTRONIC,92446,SISTEMAS INFORMÁTICOS Y COMPUTACIÓN
654,97,ENVIRONMENTAL ENGINEERING,92595,GEOLOGÍA Y MINAS
655,97,ENVIRONMENTAL ENGINEERING,92890,INGENIERÍA QUÍMICA
656,98,CHEMICAL KINETICS AND CHEMICAL REACTIONS ENGINEERING,93355,INGENIERÍA QUÍMICA
657,98,"INTRODUCTION TO CHEMICAL ENGINEERING, INDUSTRY, ENVIRONMENT AND DEVELOPMENT",93702,INGENIERÍA QUÍMICA
658,98,INTRODUCTION TO CHEMICAL ENGINEERING,93986,INGENIERÍA QUÍMICA
659,98,MATERIALS ENGINEERING I,94336,INGENIERÍA INDUSTRIAL
660,98,MATERIALS ENGINEERING II,94687,INGENIERÍA INDUSTRIAL
661,98,PROCESS ENGINEERING,94696,INGENIERÍA QUÍMICA
662,98,SOFTWARE ENGINEERING PROCESSES,95217,SISTEMAS INFORMÁTICOS Y COMPUTACIÓN
663,98,COMPUTATION APPLIED TO ENGINEERING,95226,Ingeniería Industrial
664,98,PRODUCTION ENGINEERING,95513,INGENIERÍA INDUSTRIAL
665,98,GEOLOGICAL ENGINEERING,95824,GEOLOGÍA Y MINAS
666,98,FUNDAMENTALS OF SOFTWARE ENGINEERING,96128,SISTEMAS INFORMÁTICOS Y COMPUTACIÓN
667,98,WEB ENGINEERING,96463,SISTEMAS INFORMÁTICOS Y COMPUTACIÓN
668,98,RIVER ENGINEERING,96739,INGENIERÍA CIVIL
669,98,ENGINEERING REQUIREMENTS,96810,SISTEMAS INFORMÁTICOS Y COMPUTACIÓN
670,98,SECURITY OF THE INFORMATION,97084,SISTEMAS INFORMÁTICOS Y COMPUTACIÓN
671,99,GEOGRAPHIC INFORMATION SYSTEMS,97093,GESTIÓN AMBIENTAL
672,99,GEOGRAPHIC INFORMATION SYSTEMS,97102,BIOLOGÍA
673,99,GEOGRAPHIC INFORMATION SYSTEMS,97517,INGENIERÍA CIVIL
674,99,GEOGRAPHIC INFORMATION SYSTEMS,98124,INGENIERÍA CIVIL
675,99,GEOGRAPHIC INFORMATION SYSTEMS,98133,INGENIERÍA AGROPECUARIA
676,99,GEOGRAPHIC INFORMATION SYSTEMS,98822,BIOLOGÍA
677,100,INTRODUCTION TO ENVIRONMENTAL SCIENCES,99174,GESTIÓN AMBIENTAL
678,100,INTRODUCTION TO LAW,99452,DERECHO
679,101,INTRODUCTION TO MEDICAL STUDIES,99757,MEDICINA
680,101,INTRODUCTION TO MEDICAL STUDIES,100040,MEDICINA
681,102,INTRODUCTION TO ARCHITECTURE,100484,ARQUITECTURA
682,102,INTRODUCTION TO ARTIFICIAL VISION,100760,SISTEMAS INFORMÁTICOS Y COMPUTACIÓN
683,102,INTRODUCTION TO MINING TECHNOLOGY,101021,GEOLOGÍA Y MINAS
684,103,INTRODUCTION TO THE AUDIT,101409,CONTABILIDAD Y AUDITORÍA
685,103,INTRODUCTION TO THE AUDIT,101645,INGENIERÍA EN CONTABILIDAD Y AUDITORIA
686,104,ENVIRONMENTAL AUDITS,101874,GESTIÓN AMBIENTAL
687,104,AUDIT IN COMMUNICATION AND IMAGE,101883,RELACIONES PUBLICAS
688,104,COMPUTER AUDIT,102216,SISTEMAS INFORMÁTICOS Y COMPUTACIÓN
689,104,AUDIT I,102225,CONTABILIDAD Y AUDITORÍA
690,104,PRINCIPLES OF AUDIT,102670,ADMINISTRACIÓN DE EMPRESAS
691,105,BUSINESS DEVELOPMENT,103046,ADMINISTRACIÓN DE EMPRESAS
692,105,BUSINESS DEVELOPMENT,103284,ADMINISTRACIÓN DE EMPRESAS
693,106,BUSINESS ORGANIZATION AND ADDRESS,103326,GASTRONOMÍA
694,106,BUSINESS LOGISTICS,103756,ADMINISTRACIÓN DE EMPRESAS
695,106,BUSINESS,103993,ADMINISTRACIÓN EN BANCA Y FINANZAS
696,106,ECONOMIC DEVELOPMENT,104434,ADMINISTRACIÓN DE EMPRESAS
697,106,ORGANIZATIONAL DEVELOPMENT,104750,ADMINISTRACIÓN DE EMPRESAS
698,106,COMMUNITY DEVELOPMENT,104821,INGENIERÍA AGROPECUARIA
699,106,DEVELOPMENT OF INTELLIGENCE,104830,INGLÉS
700,106,DEVELOPMENT AND APPLICATION OF CATALYSTS,105083,INGENIERÍA QUÍMICA
701,106,ENVIRONMENTAL ECONOMICS AND SUSTAINABLE ECONOMIC DEVELOPMENT,105378,ECONOMÍA
702,107,ECONOMICS OF NATURAL RESOURCES AND SUSTAINABLE DEVELOPMENT,105664,GESTIÓN AMBIENTAL
703,107,ECONOMICS OF NATURAL RESOURCES AND SUSTAINABLE DEVELOPMENT,105673,GESTIÓN AMBIENTAL
704,108,STRUCTURE OF COMMUNICATION NETWORKS,105928,ELECTRÓNICA Y TELECOMUNICACIONES
705,109,STRUCTURES,106538,INGENIERÍA CIVIL
706,109,STRUCTURES,106547,INGENIERÍA CIVIL
707,109,STRUCTURES I,107033,ARQUITECTURA
708,109,EDUCATION AND ENVIRONMENTAL COMMUNICATION,107446,GESTIÓN AMBIENTAL
709,109,EDUCATION AND ENVIRONMENTAL COMMUNICATION,107743,GESTIÓN AMBIENTAL
710,109,ORGANIZATIONAL COMMUNICATION,108102,RELACIONES PUBLICAS
711,109,ORGANIZATIONAL COMMUNICATION,108390,COMUNICACIÓN SOCIAL
712,110,RESEARCH IN COMMUNICATION,108829,RELACIONES PUBLICAS
713,110,WIRELESS COMMUNICATION TECHNOLOGIES,108838,ELECTRÓNICA Y TELECOMUNICACIONES
714,110,OPTICAL COMMUNICATIONS,109101,ELECTRÓNICA Y TELECOMUNICACIONES
715,110,SPORTS COMMUNICATION,109394,COMUNICACIÓN SOCIAL
716,111,PHILOSOPHICAL BASICS OF MEDICINE,109830,MEDICINA
717,111,PHILOSOPHICAL BASICS OF MEDICINE,110391,MEDICINA
718,112,COMPUTER BASICS,110741,SISTEMAS INFORMÁTICOS Y COMPUTACIÓN
719,112,BASICS OF NETWORKS AND TELECOMMUNICATIONS,110853,SISTEMAS INFORMÁTICOS Y COMPUTACIÓN
720,112,BASICS OF DATABASES,111200,SISTEMAS INFORMÁTICOS Y COMPUTACIÓN
721,112,BASICS OF GEOMETRY,111728,Área Biológica y Biomédica
722,112,BASIC VITAL SUPPORT,112115,MEDICINA
723,112,BASIC ELECTRONIC,112392,ELECTRÓNICA Y TELECOMUNICACIONES
724,112,BASICS OF ELECTRICITY,112593,ELECTRÓNICA Y TELECOMUNICACIONES
725,112,SCIENCE TECHNOLOGY AND SOCIETY,112878,ELECTRÓNICA Y TELECOMUNICACIONES
726,112,SCIENCE AND TECHNOLOGY OF LIVESTOCK PRODUCTS,112887,INGENIERO EN ALIMENTOS
727,112,SCIENCE AND TECHNOLOGY OF AGRICULTURAL PRODUCTS,113133,INGENIERO EN ALIMENTOS
728,112,CRIMINAL SCIENCE,113761,DERECHO
729,112,BIOLOGICAL BASES,114159,PSICOLOGÍA
730,112,CONCRETE AND STEEL TECHNOLOGY,114683,INGENIERÍA CIVIL
731,112,CONCRETE I,115010,INGENIERÍA CIVIL
732,112,INSPECTION OF CONCRETE WORKS,115306,INGENIERÍA CIVIL
733,112,CERAMICS I,115510,ARTES PLÁSTICAS Y DISEÑO
734,112,CERAMIC AND CEMENT TECHNOLOGY,115907,INGENIERÍA QUÍMICA
735,113,CLEAN AND ALTERNATIVE TECHNOLOGIES,116606,GESTIÓN AMBIENTAL
736,113,CLEAN AND ALTERNATIVE TECHNOLOGIES,116841,GESTIÓN AMBIENTAL
737,114,CONSERVATION TECHNOLOGY,117101,INGENIERO EN ALIMENTOS
738,114,NEW TECHNOLOGIES FOR PRIOR ART,117537,RELACIONES PUBLICAS
739,114,PHARMACEUTICAL TECHNOLOGY I,117870,BIOCHEMISTRY Y FARMACIA
740,114,POLYMER AND OIL TECHNOLOGY,118103,INGENIERÍA QUÍMICA
741,114,"TOURISM, GASTRONOMY AND NEW TECHNOLOGIES",118851,HOTELERÍA Y TURISMO
742,114,GASTRONOMY,119196,HOTELERÍA Y TURISMO
743,114,NEW TECHNOLOGIES APPLIED TO THE RIGHT,119397,DERECHO
744,114,APPLIED MINERALOGY AND TECHNOLOGY MINERAL CONCENTRATION,119817,INGENIERÍA QUÍMICA
745,114,APPLIED GENETICS,120123,INGENIERÍA AGROPECUARIA
746,115,GENETICS I,120327,BIOLOGÍA
747,115,GENETICS,120754,BIOLOGÍA
748,116,PATHOLOGY,121220,ENFERMERÍA
749,116,CLINICAL GENETICS AND MOLECULAR PATHOLOGY,121798,BIOCHEMISTRY Y FARMACIA
750,116,INTRODUCTION TO APPLIED LINGUISTICS,122077,INGLÉS
751,117,LINGUISTICS,122485,COMUNICACIÓN SOCIAL
752,117,LINGUISTICS,123081,RELACIONES PUBLICAS
753,117,LINGUISTICS,123440,Área Socio-Humanística
754,118,APPLIED TOPOGRAPHY,123769,INGENIERÍA CIVIL
755,118,ELEMENTAL TOPOGRAPHY,124226,INGENIERÍA CIVIL
756,119,TOPOGRAPHY,124644,ARQUITECTURA
757,119,TOPOGRAPHY,124868,GEOLOGÍA Y MINAS
758,120,STATISTICS APPLIED TO EDUCATION,125332,INGLÉS
759,121,APPLIED BOTANICAL,125981,GESTIÓN AMBIENTAL
760,121,APPLIED BOTANICAL,126627,GESTIÓN AMBIENTAL
761,122,APPLIED GEOMATICS,126849,GEOLOGÍA Y MINAS
762,122,APPLIED COMPUTING,127171,CONTABILIDAD Y AUDITORÍA
763,122,MATERNAL CHILD NURSING I,127490,ENFERMERÍA
764,123,MATERNAL CHILD NURSING II,127857,ENFERMERÍA
765,123,MATERNAL AND CHILD NURSING II,128210,Enfermería
766,123,NURSING IN URGENCY,128493,ENFERMERÍA
767,123,NURSING IN URGENCY,129078,Enfermería
768,124,LABOR NURSING,129607,Enfermería
769,125,GERIATRIC NURSING,130080,ENFERMERÍA
770,125,GERIATRIC NURSING,130441,Enfermería
771,126,RATIONAL MECHANICS,130793,INGENIERÍA CIVIL
772,127,FLUID MECHANICS,131089,INGENIERÍA QUÍMICA
773,127,FLUID MECHANICS,131450,INGENIERO EN ALIMENTOS
774,127,FLUID MECHANICS,131459,INGENIERÍA CIVIL
775,128,SOILS AND ROCKS II,131971,INGENIERÍA CIVIL
776,128,ROCK MECHANICS,132386,GEOLOGÍA Y MINAS
777,128,SOIL AND ROCK MECHANICS,133066,GEOLOGÍA Y MINAS
778,128,ROCK BLASTING,133306,GEOLOGÍA Y MINAS
779,128,SOILS AND ROCKS I,133661,INGENIERÍA CIVIL
780,128,STOCK MARKET,134240,ADMINISTRACIÓN DE EMPRESAS
781,129,MARKET RESEARCH,134249,ADMINISTRACIÓN DE EMPRESAS
782,129,MARKET RESEARCH,134676,RELACIONES PUBLICAS
783,129,MARKET RESEARCH,135148,RELACIONES PUBLICAS
784,130,METHODOLOGY OF RESEARCH AND STUDY TECHNIQUES,135485,Área Socio-Humanística
785,130,EDUCATIONAL RESEARCH,135778,INGLÉS
786,130,RESEARCH OF OPERATIONS I,136050,INGENIERÍA INDUSTRIAL
787,130,HOTEL TECHNIQUES,136355,HOTELERÍA Y TURISMO
788,130,PSYCHOPEDAGOGICAL INTERVENTION TECHNIQUES,136843,PSICOLOGÍA
789,130,TEACHING TECHNIQUES,137119,INGLÉS
790,130,GUIAR TECHNIQUES,137342,HOTELERÍA Y TURISMO
791,131,FIELD BIOLOGY TECHNIQUES,137726,GESTIÓN AMBIENTAL
792,131,FIELD BIOLOGY TECHNIQUES,137932,GESTIÓN AMBIENTAL
793,132,MOLECULAR MARKERS,138279,BIOLOGÍA
794,132,MOLECULAR TECHNIQUES,138486,BIOLOGÍA
795,133,CONSERVATION BIOLOGY,138820,BIOLOGÍA
796,133,CONSERVATION BIOLOGY,139061,GESTIÓN AMBIENTAL
797,133,EDIBE AND SOIL CONSERVATION,139274,BIOLOGÍA
798,133,EDIBE AND SOIL CONSERVATION,139533,BIOLOGÍA
799,134,SOCIAL RESEARCH FOR HANDLING AND CONSERVATION,139835,BIOLOGÍA
800,134,HERITAGE AND CONSERVATION,140053,ARQUITECTURA
801,134,CURRICULUM AND MATERIALS,140310,INGLÉS
802,135,MATERIAL RESISTANCE,140546,INGENIERÍA INDUSTRIAL
803,135,MATERIAL RESISTANCE,140799,INGENIERÍA CIVIL
804,135,MATERIAL RESISTANCE,141580,ARQUITECTURA
805,135,MATERIAL RESISTANCE,141846,INGENIERÍA CIVIL
806,136,FUNDAMENTS,142272,GEOLOGÍA Y MINAS
807,137,MATHEMATICAL FUNDAMENTS,142516,Área Biológica y Biomédica
808,137,MATHEMATICAL FUNDAMENTS,143145,ELECTRÓNICA Y TELECOMUNICACIONES
809,137,MATHEMATICAL FUNDAMENTS,143431,SISTEMAS INFORMÁTICOS Y COMPUTACIÓN
810,137,PROGRAMMING FUNDAMENTS,143757,ELECTRÓNICA Y TELECOMUNICACIONES
811,137,PROGRAMMING FUNDAMENTS,144173,SISTEMAS INFORMÁTICOS Y COMPUTACIÓN
812,138,COMPUTER PROGRAMMING,144424,INGENIERÍA INDUSTRIAL
813,138,PROGRAMMING OF ALGORITHMS,144872,SISTEMAS INFORMÁTICOS Y COMPUTACIÓN
814,138,PROGRAMMING LOGIC,145289,SISTEMAS INFORMÁTICOS Y COMPUTACIÓN
815,139,LINEAR ALGEBRA,145858,Área Biológica y Biomédica
816,139,LINEAR ALGEBRA,146208,ECONOMÍA
817,139,LINEAR ALGEBRA AND NUMERICAL METHODS,146530,INGENIERÍA INDUSTRIAL
818,139,LINEAR ALGEBRA AND NUMERICAL METHODS,146759,INGENIERO EN ALIMENTOS
819,139,LINEAR ALGEBRA AND NUMERICAL METHODS,147188,INGENIERÍA QUÍMICA
820,140,DRAFTING AND READING COMPREHENSION II,147411,Área Socio-Humanística
821,140,READING AND WRITING II,147832,INGLÉS
822,140,READING AND WRITING III,147937,INGLÉS
823,140,ACADEMIC WRITING,148157,INGLÉS
824,140,READING AND WRITING I,148166,INGLÉS
825,140,READING AND WRITING IV,148391,INGLÉS
826,140,SPIRITUAL GROWTH II,148599,Área Socio-Humanística
827,140,SPIRITUAL GROWTH I,149262,Área Socio-Humanística
828,140,SPIRITUAL GROWTH III,149552,Área Socio-Humanística
829,140,COMMUNICATIVE GRAMMAR III,149755,INGLÉS
830,140,SYNTAX AND TEACHING GRAMMAR,150289,INGLÉS
831,140,COMMUNICATIVE GRAMMAR I,150736,INGLÉS
832,140,COMMUNICATIVE GRAMMAR IV,150964,INGLÉS
833,140,LISTENING AND SPEAKING II,151342,INGLÉS
834,140,LISTENING AND SPEAKING III,151863,INGLÉS
835,140,LISTENING AND SPEAKING IV,152355,INGLÉS
836,140,SCULPTURE I,152787,ARTES PLÁSTICAS Y DISEÑO
837,140,SCULPTURE IV,153308,ARTES PLÁSTICAS Y DISEÑO
838,140,PAINTING IV,153868,ARTES PLÁSTICAS Y DISEÑO
839,140,DESIGN IV,154428,ARTES PLÁSTICAS Y DISEÑO
840,141,FAMILY AND LIFE GP 1.2,154856,MEDICINA
841,141,FAMILY AND LIFE GP 1.2,155536,MEDICINA
842,142,FAMILY MEDICINE,155814,MEDICINA
843,143,FAMILY AND LIFE GP1.1,156184,MEDICINA
844,143,FAMILY AND LIFE GP1.1,156864,MEDICINA
845,143,INDUSTRIAL SECURITY AND ENVIRONMENTAL IMPACT OF THE ACTIVITIES OF THE EIT,157312,ELECTRÓNICA Y TELECOMUNICACIONES
846,143,INDUSTRIAL SECURITY AND ENVIRONMENTAL IMPACT OF THE ACTIVITIES OF THE EIT,157829,ELECTRÓNICA Y TELECOMUNICACIONES
847,144,ENVIRONMENTAL IMPACTS,158042,GESTIÓN AMBIENTAL
848,144,EVALUATION OF ENVIRONMENTAL IMPACTS,158705,BIOLOGÍA
849,144,DESIGN AND CONTROL OF PROCESSES AGROINDUSTRIAS,159109,INGENIERO EN ALIMENTOS
850,144,SIMULATION AND PROCESS CONTROL,159539,INGENIERÍA QUÍMICA
851,144,MENTAL AND NEUROLOGICAL PROCESSES,159548,Enfermería
852,144,INDUSTRIAL PROCESSES,159758,INGENIERÍA INDUSTRIAL
853,144,MODELING AND SIMULATION OF INDUSTRIAL PROCESSES,160421,INGENIERÍA INDUSTRIAL
854,144,INDUSTRIAL ORGANIZATION,160654,ADMINISTRACIÓN DE EMPRESAS
855,144,AUTOMATION AND INDUSTRIAL CONTROL,161042,INGENIERÍA INDUSTRIAL
856,144,INDUSTRIAL ELECTRONICS,161372,INGENIERÍA INDUSTRIAL
857,144,MACHINES AND INDUSTRIAL MECHANISMS,161764,INGENIERÍA INDUSTRIAL
858,145,BOTANY,162170,AGROPECUARIA
859,145,BOTANY,162554,BIOCHEMISTRY Y FARMACIA
860,145,BOTANY,163045,GESTIÓN AMBIENTAL
861,145,BOTANY,163393,BIOCHEMISTRY Y FARMACIA
862,146,ARCHITECTURE AND PARALLEL COMPUTING,163776,SISTEMAS INFORMÁTICOS Y COMPUTACIÓN
863,146,COMPUTING,164259,Área Técnica
864,147,COMPUTER ARCHITECTURE,164842,SISTEMAS INFORMÁTICOS Y COMPUTACIÓN
865,147,COMPUTER ARCHITECTURE,165247,ELECTRÓNICA Y TELECOMUNICACIONES
866,148,LATIN AMERICAN ARCHITECTURE: ECUADOR AND PERU,165256,ARQUITECTURA
867,148,ARCHITECTURE OF APPLICATIONS,165494,SISTEMAS INFORMÁTICOS Y COMPUTACIÓN
868,148,SUSTAINABILITY IN ARCHITECTURE,165730,ARQUITECTURA
869,148,CRITIQUE OF ARCHITECTURE,166095,ARQUITECTURA
870,148,AUDIOVISUAL PRODUCTION,166436,COMUNICACIÓN SOCIAL
871,148,PRODUCTION,166445,ADMINISTRACIÓN DE EMPRESAS
872,148,PRODUCTION MINOR SPECIES II,166785,INGENIERÍA AGROPECUARIA
873,148,HEALING MINOR SPECIES,167132,INGENIERÍA AGROPECUARIA
874,148,HEALING MAJOR SPECIES,167548,INGENIERÍA AGROPECUARIA
875,148,PRODUCTION OF MAJOR SPECIES,167822,INGENIERÍA AGROPECUARIA
876,148,PRODUCTION MINOR SPECIES I,168161,INGENIERÍA AGROPECUARIA
877,148,METHODOLOGY AND DIDACTICS III,168622,INGLÉS
878,148,PARTICIPATORY METHODOLOGY IN URBAN INTERVENTIONS,168844,ARQUITECTURA
879,148,METHODOLOGY AND DIDACTICS I,169212,INGLÉS
880,149,AGILE METHODOLOGIES,169510,SISTEMAS INFORMÁTICOS Y COMPUTACIÓN
881,149,AGILE METHODOLOGIES,169788,SISTEMAS INFORMÁTICOS Y COMPUTACIÓN
882,150,INVESTIGATION METHODOLOGY,170190,GEOLOGÍA Y MINAS
883,150,LEGAL INVESTIGATION,170502,DERECHO
884,150,INVESTIGATION,170723,PSICOLOGÍA
885,150,INVESTIGATION JOURNALISM,171388,COMUNICACIÓN SOCIAL
886,150,LEGAL LOGIC,171880,DERECHO
887,151,LEGAL MEDICINE,172294,MEDICINA
888,151,LEGAL MEDICINE,172702,DERECHO
889,151,INTERNATIONAL FINANCIAL INFORMATION STANDARDS,173085,CONTABILIDAD Y AUDITORÍA
890,151,INTERNATIONAL FINANCIAL INFORMATION STANDARDS,173368,INGENIERÍA EN CONTABILIDAD Y AUDITORIA
891,152,FINANCIAL ENGINEERING,173679,ADMINISTRACIÓN EN BANCA Y FINANZAS
892,152,FINANCIAL SYSTEMS AND CAPITAL MARKET,173902,ADMINISTRACIÓN EN BANCA Y FINANZAS
893,152,SECTORS OF THE ECUADORIAN FINANCIAL SYSTEM,174176,ADMINISTRACIÓN EN BANCA Y FINANZAS
894,152,RIGHT AND PROFESSIONAL PRACTICE,174542,RELACIONES PUBLICAS
895,152,PRIVATE INTERNATIONAL RIGHT,174794,DERECHO
896,152,TAX RIGHT,175008,DERECHO
897,152,RIGHTS OF MINORS,175278,DERECHO
898,152,CONSTITUTIONAL RIGHT,175743,DERECHO
899,152,RIGHT OF INTEGRATION,175752,DERECHO
900,152,HUMAN RELATIONS,176167,RELACIONES PUBLICAS
901,152,HUMAN RIGHTS,176518,DERECHO
902,153,MASS TRANSFER,176719,INGENIERO EN ALIMENTOS
903,153,MASS TRANSFER,176999,INGENIERÍA QUÍMICA
904,154,HEAT AND FLUID TRANSFER,177228,INGENIERÍA INDUSTRIAL
905,155,HEAT TRANSFER,177795,INGENIERO EN ALIMENTOS
906,155,HEAT TRANSFER,178428,INGENIERÍA QUÍMICA
907,156,ECONOMIC POLICY II,178753,ECONOMÍA
908,157,ECONOMIC POLICY I,179143,ECONOMÍA
909,157,ECONOMIC POLICY,179384,ADMINISTRACIÓN EN BANCA Y FINANZAS
910,157,ECOSYSTEMS OFL ECUADOR,180226,GESTIÓN AMBIENTAL
911,157,ECOSYSTEMS OFL ECUADOR,180461,GESTIÓN AMBIENTAL
912,158,ECONOMIC GEOLOGY,180975,GEOLOGÍA Y MINAS
913,158,GEOLOGY OF ECUADOR,181278,GEOLOGÍA Y MINAS
914,158,GEOLOGY AND CLIMATOLOGY,181513,BIOLOGÍA
915,158,STRUCTURAL GEOLOGY,181910,GEOLOGÍA Y MINAS
916,158,GEOLOGY OF PETROLEUM,182308,GEOLOGÍA Y MINAS
917,158,CULTURE AND LITERATURE IN ENGLISH SPEAKING COMMUNITES,182579,INGLÉS
918,158,ENGLISH VI,182821,HOTELERÍA Y TURISMO
919,158,ENGLISH VII,183065,HOTELERÍA Y TURISMO
920,158,ENGLISH PHONOLOGY PRONUNCIATIONS,183310,INGLÉS
921,158,COOKING I,183880,GASTRONOMÍA
922,158,COOKING V,184120,GASTRONOMÍA
923,158,PAINTING V,184361,ARTES PLÁSTICAS Y DISEÑO
924,159,ENGLISH V,184653,GASTRONOMÍA
925,159,ENGLISH V,185213,HOTELERÍA Y TURISMO
926,160,BUDGET AND CONTROL OF WORKS,185599,INGENIERÍA CIVIL
927,161,BUDGETS,185835,INGENIERÍA EN CONTABILIDAD Y AUDITORIA
928,161,BUDGETS,186259,ADMINISTRACIÓN DE EMPRESAS
929,161,BUDGETS,186602,ADMINISTRACIÓN EN BANCA Y FINANZAS
930,162,BIOSTATISTICS AND BIBLIOGRAPHICAL SEARCH,187037,Enfermería
931,163,BIOSTATISTICS,187314,GESTIÓN AMBIENTAL
932,163,BIOSTATISTICS,187753,GESTIÓN AMBIENTAL
933,163,BIOSTATISTICS,188188,Área Biológica y Biomédica
934,164,UNIVARIATE MATHEMATICAL ANALYSIS,188620,Área Biológica y Biomédica
935,164,STATISTICAL AND PROBABILISTIC ANALYSIS,188875,ELECTRÓNICA Y TELECOMUNICACIONES
936,164,POLITICAL ANALYSIS AND CRITICAL THINKING,189253,DERECHO
937,164,CHEMICAL ANALYSIS OF FOOD,189835,INGENIERO EN ALIMENTOS
938,164,INSTRUMENTAL ANALYSIS,190094,INGENIERO EN ALIMENTOS
939,164,CHEMICAL AND INSTRUMENTAL ANALYSIS,190402,INGENIERÍA QUÍMICA
940,164,CORPORATE SOCIAL RESPONSIBILITY,190834,RELACIONES PUBLICAS
941,164,ANALYSIS OF SOCIAL NETWORKS,191302,SISTEMAS INFORMÁTICOS Y COMPUTACIÓN
942,164,ARCHITECTURE AND NETWORK SECURITY,191723,SISTEMAS INFORMÁTICOS Y COMPUTACIÓN
943,164,FUNDAMENTALS AND APPLICATIONS USING SENSOR AND IOT NETWORKS,192111,ELECTRÓNICA Y TELECOMUNICACIONES
944,164,NETWORK SECURITY,192451,ELECTRÓNICA Y TELECOMUNICACIONES
945,164,NETWORKS AND DISTRIBUTED SYSTEMS,192737,SISTEMAS INFORMÁTICOS Y COMPUTACIÓN
946,165,PRODUCT VALIDATION,193003,ADMINISTRACIÓN DE EMPRESAS
947,165,PRODUCT VALIDATION,193012,ADMINISTRACIÓN DE EMPRESAS
948,166,CHEMISTRY OF NATURAL PRODUCTS,193457,INGENIERÍA QUÍMICA
949,166,ADVANCED TECHNIQUES IN NATURAL PRODUCTS CHEMISTRY,193712,BIOCHEMISTRY Y FARMACIA
950,166,HEALTH PSYCHOLOGY,194002,PSICOLOGÍA
951,166,EMERGENCY OF HEALTH IN FIELD,194268,GEOLOGÍA Y MINAS
952,166,HEALTH I,195052,INGENIERÍA CIVIL
953,166,NUTRITION AND DIET,195371,ENFERMERÍA
954,166,BROMATOLOGY AND NUTRITION,195583,BIOCHEMISTRY Y FARMACIA
955,166,SECURITY AND FOOD SOVEREIGNTY,195942,ALIMENTOS
956,166,NUTRITION AND FOOD HEALTH,196160,INGENIERO EN ALIMENTOS
957,166,DIETETIC NUTRITION AND FOOD HYGIENE,196548,HOTELERÍA Y TURISMO
958,166,TECHNOLOGY OF VEGETABLE PRODUCTS AND FOOD,197136,INGENIERÍA QUÍMICA
959,166,VEGETABLE DIVERSITY I,197439,BIOLOGÍA
960,166,ARTISTIC ANATOMY,197645,ARTES PLÁSTICAS Y DISEÑO
961,167,FUNCTIONAL ANATOMY,197866,BIOCHEMISTRY Y FARMACIA
962,167,FUNCTIONAL ANATOMY,198218,BIOCHEMISTRY Y FARMACIA
963,167,HISTOLOGY,198465,BIOCHEMISTRY Y FARMACIA
964,167,HISTOLOGY,198666,BIOCHEMISTRY Y FARMACIA
965,167,ZOOLOGY,198989,AGROPECUARIA
966,167,ZOOLOGY,199217,INGENIERÍA AGROPECUARIA
967,167,ZOOLOGY,199803,GESTIÓN AMBIENTAL
968,168,TERRITORIAL ORDINATION,200106,GESTIÓN AMBIENTAL
969,169,ECOLOGY OF LANDSCAPE AND TERRITORIAL ORDINATION,200319,BIOLOGÍA
970,169,ECOLOGY OF LANDSCAPE AND TERRITORIAL ORDINATION,200328,BIOLOGÍA
971,170,"PEDIATRICS, CHILDREN'S SURGERY AND ORTHOPEDICS: PEDIATRICS",200611,MEDICINA
972,170,"PEDIATRICS, CHILDREN'S SURGERY AND ORTHOPEDICS: CHILDREN'S SURGERY AND ORTHOPEDICS",200881,MEDICINA
973,170,"PEDIATRICS, CHILDREN'S SURGERY AND ORTHOPEDICS: NEONATOLOGY",200890,MEDICINA
974,170,ART AND CULTURE,201123,HOTELERÍA Y TURISMO
975,170,ART AESTHETICS,201328,ARTES PLÁSTICAS Y DISEÑO
976,170,"HUMANISM, UNIVERSITY AND CULTURE",201802,Área Socio-Humanística
977,171,CELL CULTURES,202141,BIOCHEMISTRY Y FARMACIA
978,171,CELL CULTURES,202459,BIOCHEMISTRY Y FARMACIA
979,171,"WORKSHOPS: CPR, VITAL SIGNS, BANDAGES, INJECTIONS",202732,MEDICINA
980,171,"WORKSHOPS: CPR, VITAL SIGNS, BANDAGES, INJECTIONS",203038,MEDICINA
981,171,INTRODUCTORY PRACTICAL WORKSHOP,203635,BIOCHEMISTRY Y FARMACIA
982,171,INTRODUCTORY PRACTICAL WORKSHOP,204176,BIOCHEMISTRY Y FARMACIA
983,172,"SPECIALTIES DERMATOLOGY ENT, OPHTHALMOLOGY: OTORHINOLARYNGOLOGY",204377,MEDICINA
984,172,"SPECIALTIES ENT DERMATOLOGY, OPHTHALMOLOGY: DERMATOLOGY",204386,MEDICINA
985,172,"SPECIALTIES ENT DERMATOLOGY, OPHTHALMOLOGY: OPHTHALMOLOGY",204756,MEDICINA
986,173,CARE OF THE SICK PERSON,204965,MEDICINA
987,173,CARE OF THE SICK PERSON,205186,MEDICINA
988,173,ONCOLOGICAL NURSING AND PALLIATIVE CARE,205745,ENFERMERÍA
989,173,ONCOLOGICAL NURSING AND PALLIATIVE CARE,206000,Enfermería
990,174,TOURIST OPERATIONS,206264,HOTELERÍA Y TURISMO
991,174,ECUADORIAN TOURIST GEOGRAPHY,206273,HOTELERÍA Y TURISMO
992,174,TOURIST PLANNING,207053,HOTELERÍA Y TURISMO
993,174,GEOREFERENCING APPLIED TO URBAN PLANNING,207483,ARQUITECTURA
994,174,PLANNING AND BUDGETING,207758,ARQUITECTURA
995,174,TERRITORIAL PLANNING,207962,GESTIÓN AMBIENTAL
996,174,EVALUATION AND DIAGNOSIS II,208163,PSICOLOGÍA
997,174,EVALUATION AND DIAGNOSIS I,208172,PSICOLOGÍA
998,174,"ESAD EVALUATION, CERTIFICATION AND ACCREDITATION AND ONLINE",208525,PSICOLOGÍA
999,174,BAKERY AND PASTRY I,208978,GASTRONOMÍA
1000,174,BAKERY AND PASTRY II,209622,GASTRONOMÍA
1001,174,PROTECTED AREAS,209841,GESTIÓN AMBIENTAL
1002,174,PROTECTED AREAS AND OTHER FORMS OF CONSERVATION,209850,HOTELERÍA Y TURISMO
1003,174,SHORT CYCLE CROPS II,210320,INGENIERÍA AGROPECUARIA
1004,174,PERENNIAL CROPS,210739,INGENIERÍA AGROPECUARIA
1005,174,PROTECTED AND HYDROPONIC CROPS,211496,INGENIERÍA AGROPECUARIA
1006,174,PRACTICE GEOLOGICAL CARTOGRAPHY 1.2,211806,GEOLOGÍA Y MINAS
1007,174,GEOLOGICAL CARTOGRAPHY,212007,GEOLOGÍA Y MINAS
1008,174,GEOLOGICAL EXPLORATION,212460,GEOLOGÍA Y MINAS
1009,175,EDAFOLOGY I,212935,INGENIERÍA AGROPECUARIA
1010,175,EDAFOLOGY,213136,AGROPECUARIA
1011,176,CONSTRUCTIONS I,213557,ARQUITECTURA
1012,176,CONSTRUCTION OF INDICATORS,214021,ECONOMÍA
1013,177,HEMATOLOGY,214451,BIOCHEMISTRY Y FARMACIA
1014,177,HEMATOLOGY,214705,BIOCHEMISTRY Y FARMACIA
1015,178,ARTIFICIAL INTELLIGENCE,215012,SISTEMAS INFORMÁTICOS Y COMPUTACIÓN
1016,178,ADVANCED ARTIFICIAL INTELLIGENCE,215459,SISTEMAS INFORMÁTICOS Y COMPUTACIÓN
1017,178,JOURNALISM IN DATABASE,215760,COMUNICACIÓN SOCIAL
1018,178,ADVANCED DATABASE,216002,SISTEMAS INFORMÁTICOS Y COMPUTACIÓN
1019,178,ANALYSIS OF BANK CASES,216257,ADMINISTRACIÓN EN BANCA Y FINANZAS
1020,178,BANK OPERATIONS,216650,ADMINISTRACIÓN EN BANCA Y FINANZAS
1021,178,BASIC OPERATIONS WITH SOLIDS,216954,INGENIERO EN ALIMENTOS
1022,178,SOLID HANDLING,217155,INGENIERÍA QUÍMICA
1023,179,BALANCE OF MATTER AND ENERGY,217601,INGENIERO EN ALIMENTOS
1024,179,BALANCE OF MATTER AND ENERGY,217846,INGENIERÍA QUÍMICA
1025,180,NATIONAL AND ENVIRONMENTAL REALITY,218214,Área Administrativa
1026,180,NATIONAL REALITY,218618,Área Administrativa
1027,180,MEDICAL ETHICS,218884,MEDICINA
1028,180,PERIODIST ETHICS,219499,COMUNICACIÓN SOCIAL
1029,180,MORAL AND ETHICS,219725,Área Socio-Humanística
1030,181,STATIC,219958,ARQUITECTURA
1031,181,STATIC,220395,INGENIERIA CIVIL
1032,181,TOXICOLOGY,220986,BIOCHEMISTRY Y FARMACIA
1033,181,TOXICOLOGY,221320,BIOCHEMISTRY Y FARMACIA
1034,181,GEOTECHNICS,221541,INGENIERÍA CIVIL
1035,181,GEOTECHNICS,221904,INGENIERÍA CIVIL
1036,181,ECOTOXICOLOGY,222223,GESTIÓN AMBIENTAL
1037,181,ECOTOXICOLOGY,222483,GESTIÓN AMBIENTAL
1038,181,ADVERTISING,222802,COMUNICACIÓN SOCIAL
1039,181,ADVERTISING,223110,RELACIONES PUBLICAS
1040,181,SOCIOLOGY,223528,RELACIONES PUBLICAS
1041,181,SOCIOLOGY,223785,COMUNICACIÓN SOCIAL
1042,181,JOURNALISTIC GENRES,224153,COMUNICACIÓN SOCIAL
1043,181,JOURNALISTIC GENRES,224413,COMUNICACIÓN
1044,181,PHYTOCHEMISTRY AND FARMACOGNOSIA,224652,BIOCHEMISTRY Y FARMACIA
1045,181,PHYTOCHEMISTRY AND FARMACOGNOSIA,225288,BIOCHEMISTRY Y FARMACIA
1046,181,BIOGEOGRAPHY AND EVOLUTION,225635,BIOLOGÍA
1047,181,BIOGEOGRAPHY AND EVOLUTION,225860,BIOLOGÍA
1048,181,MICROFINANCE,226417,ADMINISTRACIÓN EN BANCA Y FINANZAS
1049,181,MICROFINANCE,226692,ADMINISTRACIÓN EN BANCA Y FINANZAS
1050,181,CONGRESSES AND EVENTS,227033,HOTELERÍA Y TURISMO
1051,181,CONGRESSES AND EVENTS,227689,HOTELERÍA Y TURISMO
1052,181,MORPHOFUNCIONAL I EMBRIOLOGY,228073,MEDICINA
1053,181,MORPHOFUNCIONAL I EMBRIOLOGY,228574,MEDICINA
1054,181,FOREIGN TRADE,229126,ADMINISTRACIÓN DE EMPRESAS
1055,181,FOREIGN TRADE,229524,ADMINISTRACIÓN EN BANCA Y FINANZAS
1056,182,QUANTITATIVE METHODS,229869,SISTEMAS INFORMÁTICOS Y COMPUTACIÓN
1057,182,DIFFERENTIAL EQUATIONS,230262,INGENIERÍA QUÍMICA
1058,182,DIFFERENTIAL EQUATIONS AND NUMERICAL METHODS,230564,ELECTRÓNICA Y TELECOMUNICACIONES
1059,182,MINING EXPLOITATION,230909,GEOLOGÍA Y MINAS
1060,182,TREATMENT OF MINING EFFLUENTS,231483,GEOLOGÍA Y MINAS
1061,182,WATER QUALITY MODELS,232018,INGENIERÍA CIVIL
1062,182,SYSTEMS OF RURAL WATER SUPPLY,232350,INGENIERÍA CIVIL
1063,182,HYDRAULIC DESIGN OF WATER TREATMENT SYSTEMS,232651,INGENIERÍA CIVIL
1064,182,SEWAGE TREATMENT,233014,INGENIERÍA QUÍMICA
1065,182,AGRICULTURAL BOTANICS,233521,INGENIERÍA AGROPECUARIA
1066,182,AGRICULTURAL INDUSTRIES,234108,INGENIERO EN ALIMENTOS
1067,182,DYNAMICS OF SOILS,234415,INGENIERÍA CIVIL
1068,182,FLUID DYNAMICS,234424,GEOLOGÍA Y MINAS
1069,182,OPTICAL MINERALOGY,234433,GEOLOGÍA Y MINAS
1070,182,MINERALOGY,234860,GEOLOGÍA Y MINAS
1071,182,INSTRUMENTATION,235327,ELECTRÓNICA Y TELECOMUNICACIONES
1072,182,SURGICAL INSTRUMENTATION,235599,ENFERMERÍA
1073,182,GYNECOLOGY AND OBSTETRICS: GYNECOLOGY,236024,MEDICINA
1074,182,GYNECOLOGY AND OBSTETRICS: OBSTETRICS,236578,MEDICINA
1075,182,STYLE AND DRAFTING,237130,COMUNICACIÓN SOCIAL
1076,182,DRAFTING AND READING COMPREHENSION I,237480,Área Socio-Humanística
1077,182,ALTERNATIVE MEANS OF CONFLICT RESOLUTION,237768,DERECHO
1078,182,SOCIO-ENVIRONMENTAL CONFLICTS,238035,DERECHO
1079,182,NEGOTIATION AND CONFLICT SOLUTIONS,238398,RELACIONES PUBLICAS
1080,182,THERMODYNAMICS,239138,INGENIERO EN ALIMENTOS
1081,182,METALLURGICAL THERMODYNAMICS,239413,GEOLOGÍA Y MINAS
1082,182,RADIO,239796,COMUNICACIÓN SOCIAL
1083,182,RADIO FREQUENCY ELECTRONICS,240337,ELECTRÓNICA Y TELECOMUNICACIONES
1084,182,INNOVATION IN THE SERVICE,240596,GASTRONOMÍA
1085,182,INTERCONNECTION OF TELECOMMUNICATIONS SERVICES,240845,ELECTRÓNICA Y TELECOMUNICACIONES
1086,182,DATA TRANSMISSION,241058,ELECTRÓNICA Y TELECOMUNICACIONES
1087,182,STRUCTURE OF DATA AND ALGORITHMS,241291,SISTEMAS INFORMÁTICOS Y COMPUTACIÓN
1088,182,ECONOMETRY I,241802,ECONOMÍA
1089,182,MINERAL DEPOSITS,242075,GEOLOGÍA Y MINAS
1090,182,BENEFIT OF MINERALS,242443,GEOLOGÍA Y MINAS
1091,182,PHILOSOPHY OF EDUCATION,242788,INGLÉS
1092,182,RADIATION AND WAVE GUIDES,243098,ELECTRÓNICA Y TELECOMUNICACIONES
1093,182,PROPAGATION OF WAVES,243488,ELECTRÓNICA Y TELECOMUNICACIONES
1094,182,PETROLOGY IGNEA AND METAMORPHIC,243977,GEOLOGÍA Y MINAS
1095,182,SEDIMENTARY PETROLOGY,244228,GEOLOGÍA Y MINAS
1096,182,INSTALLATION SYSTEMS I,245107,ARQUITECTURA
1097,182,URBANISM I,245475,ARQUITECTURA
1098,182,PSYCHOPATHOLOGY I,245957,PSICOLOGÍA
1099,182,PSYCHOTHERAPY I,246281,PSICOLOGÍA
1100,182,NATURAL FIBERS,246556,ARTES PLÁSTICAS Y DISEÑO
1101,182,VEGETAL BIOTECHNOLOGY,247126,BIOLOGÍA
1102,182,LANGUAGE TESTING,247524,INGLÉS
1103,182,DIFFICULTIES OF LEARNING,247757,INGLÉS
1104,182,PROJECTIVE GEOMETRY,248140,INGENIERIA CIVIL
1105,182,RESILIENT AND SUSTAINABLE CITIES,248380,ARQUITECTURA
1106,182,CEREMONIAL AND PROTOCOL,248849,RELACIONES PUBLICAS
1107,182,DECENTRALIZATION AND AUTONOMOUS GOVERNMENTS,249056,DERECHO
1108,182,SOCIOPOLITIC THOUGHT,249265,COMUNICACIÓN SOCIAL
1109,182,ASSESSMENT OF COMPANIES,249812,ADMINISTRACIÓN DE EMPRESAS
1110,182,ADOBE ILLUSTRATOR FOR SCIENTIFIC ARTICLES,250039,GEOLOGÍA Y MINAS
1111,182,ORAL AND WRITTEN EXPRESSION,250334,Área Socio-Humanística
1112,182,PROGRAMATION ADVANCE,250575,SISTEMAS INFORMÁTICOS Y COMPUTACIÓN
1113,182,BARS AND RESTAURANTS,250946,HOTELERÍA Y TURISMO
1114,182,PHOTOPERIODISM,251257,COMUNICACIÓN
1115,182,BIOETHICS,251464,Enfermería
1116,182,NUTRACEUTICOS AND PHYTOPHARMACEUTICALS,251989,BIOCHEMISTRY Y FARMACIA
1117,182,IMMUNOLOGY,252380,BIOCHEMISTRY Y FARMACIA
1118,182,SYSTEMS BASED ON KNOWLEDGE,253159,SISTEMAS INFORMÁTICOS Y COMPUTACIÓN
1119,182,OPERATING SYSTEMS,253445,SISTEMAS INFORMÁTICOS Y COMPUTACIÓN
1120,182,FLOORING,253928,INGENIERÍA CIVIL
1121,182,WATERSHEDS,253937,GESTIÓN AMBIENTAL
1122,182,FIXED AND MOBILE TELEPHONY,254410,ELECTRÓNICA Y TELECOMUNICACIONES
1123,182,PIROMETALURGIA DEL COPBRE,254618,GEOLOGÍA Y MINAS
1124,182,STRATIGRAPHY AND SEDIMENTATION,254831,GEOLOGÍA Y MINAS
1125,182,VOLCANIC AND SEISMIC RISKS,255247,GEOLOGÍA Y MINAS
1126,182,GEOPHYSICS,255637,GEOLOGÍA Y MINAS
1127,182,HYDROGEOLOGY,256000,GEOLOGÍA Y MINAS
1128,182,GEOCHEMISTRY,256629,GEOLOGÍA Y MINAS
1129,182,MICROTECTONICS AND MICRODEFORMATIONS,257014,GEOLOGÍA Y MINAS
1130,182,FILOGÉNIA AND SYSTEMATICS,257271,BIOLOGÍA
1131,182,LIMNOLOGY,257549,BIOLOGÍA
1132,182,CLIMATE CHANGE AND ADAPTATION,258117,BIOLOGÍA
1133,182,ANTENNAS,258425,ELECTRÓNICA Y TELECOMUNICACIONES
1134,182,EMBEDDED SYSTEMS,259000,ELECTRÓNICA Y TELECOMUNICACIONES
1135,182,WELLS SOUND,259534,GEOLOGÍA Y MINAS
1136,182,INSURANCE,259815,ADMINISTRACIÓN EN BANCA Y FINANZAS
1137,182,AIRBRUSHING,260016,ARTES PLÁSTICAS Y DISEÑO
1138,182,DAMS,260287,INGENIERÍA CIVIL
1139,182,TV,260494,COMUNICACIÓN SOCIAL
1140,182,EDUCOMUNICATION,260791,COMUNICACIÓN SOCIAL
1141,182,AGROECOLOGY,261277,INGENIERÍA AGROPECUARIA
1142,182,PHYTOPATHOLOGY,261734,INGENIERÍA AGROPECUARIA
1143,182,PSYCHOMETRY,261935,PSICOLOGÍA
1144,182,TURISM AND HOTELERY,262228,HOTELERÍA Y TURISMO
1145,182,AIR TRAFFIC,262821,HOTELERÍA Y TURISMO
1146,182,HYDROTERMAL ALTERATIONS,263086,GEOLOGÍA Y MINAS
1147,182,GLOBAL AND REGIONAL TECTONICS,263508,GEOLOGÍA Y MINAS
1148,182,psychophysiology,263809,PSICOLOGÍA
1149,182,ORIENTATION,264184,PSICOLOGÍA
1150,182,PERSPECTIVES AND SHADOWS,265497,ARQUITECTURA
1151,182,CULTIVOS CICLO CORTO I,265932,INGENIERÍA AGROPECUARIA
1152,182,ASSEMBLY IN PR CONSULTANCY,266188,RELACIONES PUBLICAS
1153,182,OENOLOGY AND MIXOLOGY,266904,GASTRONOMÍA
1154,182,PSYCHOETIC,267605,PSICOLOGÍA
1155,182,PSYCHIATRY,267944,MEDICINA
1156,182,EPISTEMOLOGY,268560,Área Socio-Humanística
1157,182,ENTREPRENEURSHIP,268883,Área Administrativa
1158,182,PRECLECTIONS,269488,INGENIERÍA QUÍMICA
1159,182,ROUTES,269818,INGENIERÍA CIVIL
1160,182,MICRONDAS,270222,ELECTRÓNICA Y TELECOMUNICACIONES
1161,182,COMUNICATION SYSTEM,270484,ELECTRÓNICA Y TELECOMUNICACIONES
1162,182,PALEONTOLOGY,270830,GEOLOGÍA Y MINAS
1163,182,PHOTOGEOLOGY,271160,GEOLOGÍA Y MINAS
1164,182,GEOINFORMATICS,271577,GEOLOGÍA Y MINAS
1165,182,BIORREMEDIATION,271851,BIOLOGÍA
1166,182,"RECRUITMENT, SELECTION AND INDUCTION OF PERSONNEL",272110,PSICOLOGÍA
1167,182,NEUROPSYCHOLOGY,272320,PSICOLOGÍA
1168,182,PSYCHOPEDAGOGY,272852,PSICOLOGÍA
1169,182,SEMIOTECNIA,273168,MEDICINA
1170,182,"CITIZEN PARTICIPATION, TRANSPARENCY AND FIGHT AGAINST CORRUPTION",273544,DERECHO
1171,182,WHO,273854,COMUNICACIÓN SOCIAL
1172,183,LEGISLATION AND TAX PRACTICE,274139,INGENIERÍA EN CONTABILIDAD Y AUDITORIA
1173,183,LEGISLATION AND TAX PRACTICE,274354,ADMINISTRACIÓN DE EMPRESAS
1174,183,LEGISLATION AND TAX PRACTICE,274577,ADMINISTRACIÓN EN BANCA Y FINANZAS
1175,183,LABOR AND SOCIAL LEGISLATION,274884,INGENIERÍA EN CONTABILIDAD Y AUDITORIA
1176,183,LABOR AND SOCIAL LEGISLATION,275432,ADMINISTRACIÓN EN BANCA Y FINANZAS
1177,183,LABOR AND SOCIAL LEGISLATION,275441,ADMINISTRACIÓN DE EMPRESAS
1178,183,ENVIRONMENTAL LEGISLATION,275879,GESTIÓN AMBIENTAL
1179,183,ENVIRONMENTAL LEGISLATION,276448,GESTIÓN AMBIENTAL
1180,183,COMMERCIAL AND CORPORATE LEGISLATION,276761,CONTABILIDAD Y AUDITORÍA
1181,183,COMMERCIAL AND CORPORATE LEGISLATION,277158,ADMINISTRACIÓN DE EMPRESAS
1182,183,COMMERCIAL AND CORPORATE LEGISLATION,277654,ADMINISTRACIÓN EN BANCA Y FINANZAS
1183,183,TOURIST LEGISLATION,278243,GASTRONOMÍA
1184,183,TOURIST LEGISLATION,278671,HOTELERÍA Y TURISMO
1185,183,MONETARY AND BANKING LEGISLATION,279075,ADMINISTRACIÓN EN BANCA Y FINANZAS
1186,183,MONETARY AND BANKING LEGISLATION,279463,INGENIERÍA EN CONTABILIDAD Y AUDITORIA
1187,184,LEGISLATION ON PUBLIC PROCUREMENT,279807,CONTABILIDAD Y AUDITORÍA
1188,184,LEGISLATION,280026,COMUNICACIÓN SOCIAL
1189,184,MINING LEGISLATION,280221,GEOLOGÍA Y MINAS
1190,184,CRIMINAL PROCEDURAL LAW II,280486,DERECHO
1191,184,CRIMINAL LAW II,280794,DERECHO
1192,184,CIVIL PROCEDURAL LAW II,280999,DERECHO
1193,184,"CIVIL LAW II, PROPERTY",281247,DERECHO
1194,184,CIVIL WORKS,281470,INGENIERÍA CIVIL
1195,184,"CIVIL LAW III, SUCCESSIONS",281721,DERECHO
1196,184,"CIVIL LAW IV, OBLIGATIONS AND CONTRACTS",281968,DERECHO
1197,184,CIVIL PROCEDURAL LAW I,282203,DERECHO
1198,184,"CIVIL LAW I, PEOPLE AND FAMILY",282462,DERECHO
1199,184,CRIMINAL PROCEDURAL LAW I,282697,DERECHO
1200,184,CRIMINAL LAW I,282900,DERECHO
1201,184,LABOR PROCEDURAL LAW,283145,DERECHO
1202,184,LABOR LAW,283392,DERECHO
1203,184,ENVIRONMENTAL LAW,283593,DERECHO
1204,184,"SPECIAL LAWS I, TENANCY, NOTARIAL AND REGISTRATION",283815,DERECHO
1205,184,"SPECIAL LAWS II, TRANSIT, IMPLEMENTATION OF PENALTIES AND SOCIAL REHABILITATION",284139,DERECHO
1206,184,COMMERCIAL LAW,284430,DERECHO
1207,184,CORPORATE LAW,284810,DERECHO
1208,184,PHILOSOPHY OF LAW,285173,DERECHO
1209,184,ADMINISTRATIVE LAW,285377,DERECHO
1210,184,ROMAN LAW,285386,DERECHO
1211,184,CREDIT ADMINISTRATION II,285668,ADMINISTRACIÓN EN BANCA Y FINANZAS
1212,185,ADMINISTRATION II,286145,HOTELERÍA Y TURISMO
1213,185,ADMINISTRATION II,287082,ADMINISTRACIÓN DE EMPRESAS
1214,185,ADMINISTRATION,287517,INGENIERÍA EN CONTABILIDAD Y AUDITORIA
1215,185,ADMINISTRATION,287938,ECONOMÍA
1216,185,ADMINISTRATION I,288443,HOTELERÍA Y TURISMO
1217,185,ADMINISTRATION,288769,ADMINISTRACIÓN EN BANCA Y FINANZAS
1218,185,ADMINISTRATION I,289272,ADMINISTRACIÓN DE EMPRESAS
1219,185,ADMINISTRATION I,289920,ADMINISTRACIÓN DE EMPRESAS
1220,185,ADMINISTRATION I,289929,ADMINISTRACIÓN DE EMPRESAS
1221,186,BUSINESS ADMINISTRATION,290138,INGENIERÍA INDUSTRIAL
1222,186,ORGANIZATION AND BUSINESS ADMINISTRATION,290554,SISTEMAS INFORMÁTICOS Y COMPUTACIÓN
1223,186,ADMINISTRATION OF NATURAL RESOURCES,291021,GESTIÓN AMBIENTAL
1224,186,BASIC ADMINISTRATION,291439,RELACIONES PUBLICAS
1225,186,ADMINISTRATION OF TECHNOLOGIES,291742,ADMINISTRACIÓN DE EMPRESAS
1226,186,AGRICULTURAL ADMINISTRATION,292405,INGENIERÍA AGROPECUARIA
1227,186,MEDIA ADMINISTRATION,292965,COMUNICACIÓN SOCIAL
1228,186,CREDIT ADMINISTRATION I,293198,ADMINISTRACIÓN EN BANCA Y FINANZAS
1229,187,CALCULUS II,293434,ECONOMÍA
1230,187,CALCULUS II,293951,INGENIERÍA QUÍMICA
1231,187,CALCULUS FOR BIOLOGICAL SCIENCES,294521,BIOCHEMISTRY Y FARMACIA
1232,187,CALCULUS FOR BIOLOGICAL SCIENCES,294874,BIOCHEMISTRY Y FARMACIA
1233,188,ADVANCED CALCULUS,295138,INGENIERÍA CIVIL
1234,189,CALCULUS I,295488,ECONOMÍA
1235,189,CALCULUS,295866,ELECTRÓNICA Y TELECOMUNICACIONES
1236,189,CALCULUS,296301,CONTABILIDAD Y AUDITORÍA
1237,189,CALCULUS,296621,SISTEMAS INFORMÁTICOS Y COMPUTACIÓN
1238,189,CALCULUS,297054,INGENIERÍA CIVIL
1239,189,CALCULUS,297489,GEOLOGÍA Y MINAS
1240,189,CALCULUS,297737,ADMINISTRACIÓN EN BANCA Y FINANZAS
1241,189,CALCULUS,298073,ADMINISTRACIÓN DE EMPRESAS
1242,189,CALCULUS I,298518,INGENIERÍA QUÍMICA
1243,189,MICROBIOLOGY II,299015,BIOCHEMISTRY Y FARMACIA
1244,189,MICROBIOLOGY II,299409,BIOCHEMISTRY Y FARMACIA
1245,189,INDUSTRIAL MICROBIOLOGY AND BIOTECHNOLOGY,299642,INGENIERO EN ALIMENTOS
1246,189,INDUSTRIAL MICROBIOLOGY AND BIOTECHNOLOGY,300202,INGENIERÍA QUÍMICA
1247,190,MICROBIOLOGY AND PARASITOLOGY OF FOOD,300939,INGENIERO EN ALIMENTOS
1248,191,FOOD MICROBIOLOGY I,301225,ALIMENTOS
1249,191,FOOD'S MICROBIOLOGY,301683,BIOCHEMISTRY Y FARMACIA
1250,191,FOOD'S MICROBIOLOGY,302363,BIOCHEMISTRY Y FARMACIA
1251,191,CLINICAL MICROBIOLOGY,302835,BIOCHEMISTRY Y FARMACIA
1252,191,CLINICAL MICROBIOLOGY,303356,BIOCHEMISTRY Y FARMACIA
1253,191,MICROBIOLOGY AND PARASITOLOGY,303924,MEDICINA
1254,191,MICROBIOLOGY AND PARASITOLOGY,304392,MEDICINA
1255,191,MICROBIOLOGY AND PARASITOLOGY,305058,ENFERMERÍA
1256,191,MICROBIOLOGY,305362,BIOLOGÍA
1257,191,MICROBIOLOGY,305685,AGROPECUARIA
1258,191,MICROBIOLOGY I,306293,BIOCHEMISTRY Y FARMACIA
1259,191,MICROBIOLOGY,306630,BIOLOGÍA
1260,191,MICROBIOLOGY I,307042,BIOCHEMISTRY Y FARMACIA
1261,191,FINANCE II,307248,ECONOMÍA
1262,191,FINANCE II,307481,ADMINISTRACIÓN DE EMPRESAS
1263,191,FINANCE II,307737,ADMINISTRACIÓN EN BANCA Y FINANZAS
1264,191,FINANCE II,308048,CONTABILIDAD Y AUDITORÍA
1265,192,FINANCE III,308387,ADMINISTRACIÓN EN BANCA Y FINANZAS
1266,193,FINANCE I,308626,INGENIERÍA EN CONTABILIDAD Y AUDITORIA
1267,193,FINANCE,308988,HOTELERÍA Y TURISMO
1268,193,FINANCE I,309243,ADMINISTRACIÓN EN BANCA Y FINANZAS
1269,193,FINANCE,309595,ADMINISTRACIÓN EN BANCA Y FINANZAS
1270,193,FINANCE I,309841,ECONOMÍA
1271,193,FINANCE,310122,ADMINISTRACIÓN EN BANCA Y FINANZAS
1272,193,FINANCE I,310509,ADMINISTRACIÓN DE EMPRESAS
1273,193,CELLULAR AND MOLECULAR BIOLOGY I,310812,BIOCHEMISTRY Y FARMACIA
1274,193,CELLULAR AND MOLECULAR BIOLOGY I,311338,BIOLOGÍA
1275,193,CELLULAR AND MOLECULAR BIOLOGY,311806,MEDICINA
1276,193,CELLULAR AND MOLECULAR BIOLOGY I,312022,BIOCHEMISTRY Y FARMACIA
1277,193,CELLULAR AND MOLECULAR BIOLOGY,312446,MEDICINA
1278,193,CELLULAR AND MOLECULAR BIOLOGY I,312679,BIOLOGÍA
1279,193,CELLULAR AND MOLECULAR BIOLOGY II,312985,BIOCHEMISTRY Y FARMACIA
1280,193,CELLULAR AND MOLECULAR BIOLOGY II,313290,BIOLOGÍA
1281,193,CELLULAR AND MOLECULAR BIOLOGY II,313554,BIOLOGÍA
1282,193,CELLULAR AND MOLECULAR BIOLOGY II,313827,BIOCHEMISTRY Y FARMACIA
1283,193,BIOCHEMISTRY II,314262,BIOCHEMISTRY Y FARMACIA
1284,193,BIOCHEMISTRY II,314548,BIOCHEMISTRY Y FARMACIA
1285,193,CLINICAL BIOCHEMISTRY,314860,BIOCHEMISTRY Y FARMACIA
1286,193,CLINICAL BIOCHEMISTRY,314869,BIOCHEMISTRY Y FARMACIA
1287,194,BIOCHEMISTRY APPLIED,315494,BIOLOGÍA
1288,194,BIOCHEMISTRY OF FOOD,316830,INGENIERO EN ALIMENTOS
1289,195,BIOCHEMISTRY I,317501,BIOCHEMISTRY Y FARMACIA
1290,195,BIOCHEMISTRY,317718,INGENIERÍA AGROPECUARIA
1291,195,BIOCHEMISTRY,317941,MEDICINA
1292,195,BIOCHEMISTRY,318315,MEDICINA
1293,195,BIOCHEMISTRY I,318666,BIOCHEMISTRY Y FARMACIA
1294,195,PHARMACOLOGY I,318952,BIOCHEMISTRY Y FARMACIA
1295,195,PHARMACOLOGY I,319200,BIOCHEMISTRY Y FARMACIA
1296,195,PHARMACOLOGY,319584,MEDICINA
1297,195,PHARMACOLOGY II,319804,BIOCHEMISTRY Y FARMACIA
1298,195,PHARMACOLOGY II,319813,BIOCHEMISTRY Y FARMACIA
1299,195,HYDROLOGY I,320046,INGENIERÍA CIVIL
1300,195,HYDROLOGY I,320055,INGENIERÍA CIVIL
1301,195,HYDROLOGY II,320064,INGENIERÍA CIVIL
1302,195,HYDROLOGY II,320073,INGENIERÍA CIVIL
1303,196,BASIC DESIGN II,320297,ARQUITECTURA
1304,196,DESIGN II,320533,ARTES PLÁSTICAS Y DISEÑO
1305,197,HYDRAULICS II,320743,INGENIERÍA CIVIL
1306,197,HYDRAULICS II,320893,INGENIERÍA CIVIL
1307,198,ECOLOGY II,320902,BIOLOGÍA
1308,198,MACROECONOMICS II,320911,ECONOMÍA
1309,198,MICROECONOMICS II,320920,ECONOMÍA
1310,198,AUDIT II,320929,INGENIERÍA EN CONTABILIDAD Y AUDITORIA
1311,198,GENETICS II,320938,BIOLOGÍA
1312,198,STRUCTURES II,321189,ARQUITECTURA
1313,198,METHODOLOGY AND DIDACTICS II,321198,INGLÉS
1314,198,INVESTIGATION OF OPERATIONS II,321207,INGENIERÍA INDUSTRIAL
1315,198,PHARMACEUTICAL TECHNOLOGY II,321216,BIOCHEMISTRY Y FARMACIA
1316,198,SCULPTURE II,321225,ARTES PLÁSTICAS Y DISEÑO
1317,198,PAINTING II,321234,ARTES PLÁSTICAS Y DISEÑO
1318,198,CONSTRUCTIONS II,321429,ARQUITECTURA
1319,198,EDAFOLOGY II,321438,INGENIERÍA AGROPECUARIA
1320,198,CERAMICS II,321447,ARTES PLÁSTICAS Y DISEÑO
1321,198,ECONOMETRY II,321456,ECONOMÍA
1322,198,CONCRETE II,321465,INGENIERÍA CIVIL
1323,198,PSYCHOPATHOLOGY II,321474,PSICOLOGÍA
1324,198,PSYCHOTHERAPY II,321483,PSICOLOGÍA
1325,198,URBANISM II,321492,ARQUITECTURA
1326,198,SYSTEM OF INSTALLATIONS II,321501,ARQUITECTURA
1327,198,SANITARY II,321510,INGENIERÍA CIVIL
